{"type":"FeatureCollection","features":[{"type":"Feature","properties":{"th":"พะเยา","en":"Phayao"},"geometry":{"type":"Polygon","coordinates":[[[100.34,18.8054],[100.1861,18.8225],[100.1729,18.8095],[100.157,18.8344],[100.1142,18.8091],[100.0882,18.8277],[100.0671,18.8174],[100.0593,18.8801],[99.9455,18.9427],[99.9258,18.9798],[99.8395,19.0015],[99.8199,19.0608],[99.7735,19.0643],[99.7027,19.2548],[99.7085,19.3395],[99.6829,19.4223],[99.8748,19.4552],[99.899,19.4257],[99.914,19.4323],[99.9211,19.4066],[99.9473,19.4275],[100.0126,19.4278],[100.0101,19.4388],[100.0402,19.4445],[100.0668,19.4311],[100.0679,19.5399],[100.099,19.5535],[100.1628,19.5421],[100.1692,19.6018],[100.184,19.6128],[100.2308,19.6059],[100.2627,19.6484],[100.3174,19.6495],[100.3433,19.6867],[100.3344,19.7032],[100.3839,19.7104],[100.4067,19.736],[100.4454,19.7065],[100.4283,19.674],[100.4474,19.6282],[100.4828,19.6093],[100.4824,19.5488],[100.5756,19.4992],[100.5987,19.5102],[100.6026,19.4792],[100.5827,19.4743],[100.5404,19.416],[100.4887,19.3996],[100.488,19.3821],[100.5181,19.3784],[100.5345,19.3662],[100.529,19.3534],[100.5643,19.3399],[100.5701,19.3051],[100.6092,19.3339],[100.6168,19.3216],[100.6002,19.252],[100.6291,19.1552],[100.6224,19.1114],[100.5853,19.0964],[100.5742,19.105],[100.5638,19.0804],[100.6195,19.034],[100.6055,19.0203],[100.4944,19.0525],[100.4572,19.0096],[100.5034,18.9926],[100.4818,18.9516],[100.454,18.9346],[100.4045,18.9445],[100.34,18.8054]]]}},{"type":"Feature","properties":{"th":"เชียงราย","en":"Chiang Rai"},"geometry":{"type":"Polygon","coordinates":[[[99.5365,19.1631],[99.5602,19.1423],[99.5379,19.1099],[99.5401,19.0848],[99.4939,19.0772],[99.4374,19.0092],[99.4016,19.0001],[99.3835,19.064],[99.345,19.0858],[99.3207,19.1259],[99.3038,19.1936],[99.3424,19.269],[99.3164,19.3505],[99.3328,19.3617],[99.3295,19.3991],[99.3095,19.4315],[99.308,19.4883],[99.295,19.4925],[99.3259,19.5394],[99.2589,19.6295],[99.2653,19.664],[99.361,19.7283],[99.3626,19.7766],[99.3918,19.8137],[99.4186,19.8133],[99.3834,19.8904],[99.4201,19.9184],[99.4217,19.9627],[99.4787,20.0129],[99.4676,20.0333],[99.4968,20.0511],[99.4951,20.0804],[99.5703,20.1081],[99.5705,20.1225],[99.5128,20.1471],[99.5389,20.1473],[99.5637,20.2054],[99.5231,20.2326],[99.5073,20.3259],[99.4586,20.3638],[99.4589,20.3939],[99.6127,20.3319],[99.6443,20.3438],[99.6813,20.3166],[99.7204,20.33],[99.731,20.3501],[99.8108,20.3361],[99.8402,20.3735],[99.8601,20.442],[99.9609,20.4646],[99.9898,20.4182],[100.0722,20.3882],[100.0969,20.3126],[100.0919,20.2677],[100.1415,20.2466],[100.1737,20.2472],[100.1668,20.2964],[100.221,20.3168],[100.2495,20.3857],[100.268,20.3999],[100.3301,20.3986],[100.3755,20.3508],[100.4145,20.2549],[100.4552,20.2278],[100.4556,20.1987],[100.5266,20.1432],[100.5512,20.1751],[100.5777,20.1687],[100.5696,20.0983],[100.5162,19.9404],[100.5201,19.9035],[100.498,19.8668],[100.4424,19.8374],[100.4386,19.7915],[100.4141,19.7797],[100.4067,19.736],[100.3839,19.7104],[100.3344,19.7032],[100.3433,19.6867],[100.3174,19.6495],[100.2627,19.6484],[100.2308,19.6059],[100.184,19.6128],[100.1692,19.6018],[100.1628,19.5421],[100.099,19.5535],[100.0679,19.5399],[100.0668,19.4311],[100.0402,19.4445],[100.0101,19.4388],[100.0126,19.4278],[99.9473,19.4275],[99.9211,19.4066],[99.914,19.4323],[99.899,19.4257],[99.8748,19.4552],[99.787,19.4501],[99.7145,19.4196],[99.6829,19.4223],[99.6933,19.3833],[99.6314,19.3844],[99.5657,19.4178],[99.5782,19.2938],[99.5485,19.2525],[99.5365,19.1631]]]}},{"type":"Feature","properties":{"th":"แพร่","en":"Phrae"},"geometry":{"type":"Polygon","coordinates":[[[99.5472,17.8119],[99.4503,17.7097],[99.4223,17.71],[99.3862,17.6856],[99.3673,17.774],[99.4213,17.8505],[99.4753,17.8942],[99.4818,17.921],[99.595,18.0097],[99.5857,18.0354],[99.6328,18.0623],[99.6683,18.0417],[99.7194,18.0698],[99.8011,18.2147],[99.8506,18.2559],[99.8584,18.2842],[99.9067,18.2801],[99.9664,18.3937],[99.9998,18.4019],[100.014,18.4375],[100.0045,18.4458],[100.0214,18.4477],[100.0563,18.5167],[100.0562,18.558],[100.0899,18.5728],[100.109,18.563],[100.1205,18.6014],[100.0999,18.6313],[100.1115,18.6715],[100.0967,18.7295],[100.1258,18.7841],[100.1177,18.8198],[100.157,18.8344],[100.1729,18.8095],[100.227,18.8254],[100.3385,18.8135],[100.3375,18.7868],[100.3624,18.7779],[100.3585,18.7513],[100.3918,18.7404],[100.3524,18.6803],[100.3619,18.6445],[100.3968,18.6281],[100.3809,18.6197],[100.3706,18.5659],[100.3876,18.5582],[100.3998,18.4859],[100.4352,18.5009],[100.5061,18.4731],[100.5413,18.4896],[100.5505,18.4179],[100.4814,18.3497],[100.4941,18.2803],[100.4537,18.2147],[100.4462,18.1584],[100.397,18.1351],[100.4136,18.022],[100.3918,18.0213],[100.3502,17.9828],[100.3596,17.9264],[100.3422,17.894],[100.3261,17.8922],[100.2801,17.9566],[100.2465,17.962],[100.1298,17.8563],[100.0575,17.8337],[100.0476,17.8482],[99.9779,17.8339],[99.9903,17.8118],[99.9583,17.7797],[99.9102,17.804],[99.8113,17.8039],[99.7824,17.7909],[99.7295,17.7215],[99.6707,17.799],[99.5981,17.8216],[99.5472,17.8119]]]}},{"type":"Feature","properties":{"th":"น่าน","en":"Nan"},"geometry":{"type":"Polygon","coordinates":[[[100.5524,18.0349],[100.4813,18.0553],[100.4235,18.0134],[100.4136,18.022],[100.397,18.1351],[100.4462,18.1584],[100.4537,18.2147],[100.4941,18.2803],[100.4814,18.3497],[100.5041,18.3603],[100.5175,18.392],[100.5364,18.3907],[100.5497,18.456],[100.5413,18.4896],[100.5061,18.4731],[100.4352,18.5009],[100.3998,18.4859],[100.3876,18.5582],[100.3706,18.5659],[100.3809,18.6197],[100.3968,18.6281],[100.3619,18.6445],[100.3524,18.6803],[100.3918,18.7404],[100.3585,18.7513],[100.3624,18.7779],[100.3375,18.7868],[100.3385,18.8216],[100.4045,18.9445],[100.454,18.9346],[100.4818,18.9516],[100.5034,18.9926],[100.4572,19.0096],[100.4944,19.0525],[100.6055,19.0203],[100.6195,19.034],[100.5638,19.0804],[100.5742,19.105],[100.5853,19.0964],[100.6224,19.1114],[100.6291,19.1552],[100.6002,19.252],[100.6168,19.3216],[100.6092,19.3339],[100.5701,19.3051],[100.5643,19.3399],[100.529,19.3534],[100.5345,19.3662],[100.5181,19.3784],[100.4962,19.3715],[100.4887,19.3996],[100.5404,19.416],[100.5827,19.4743],[100.6026,19.4792],[100.6086,19.5481],[100.6722,19.5495],[100.7579,19.5116],[100.7671,19.4883],[100.8605,19.5739],[100.8931,19.6342],[100.9168,19.6218],[101.0348,19.6292],[101.1226,19.5728],[101.1697,19.5857],[101.1974,19.577],[101.2064,19.6052],[101.2438,19.6034],[101.2806,19.5824],[101.2853,19.5275],[101.266,19.4706],[101.2104,19.4732],[101.215,19.4319],[101.1869,19.3991],[101.1904,19.3777],[101.2415,19.3265],[101.2272,19.3065],[101.2596,19.2308],[101.245,19.1804],[101.2568,19.1246],[101.357,19.05],[101.3358,19.0045],[101.31,19.0023],[101.2911,18.9772],[101.2958,18.9413],[101.2456,18.8865],[101.2543,18.8484],[101.2432,18.8329],[101.2584,18.8092],[101.2241,18.7327],[101.2723,18.6885],[101.2261,18.6244],[101.1822,18.6118],[101.1831,18.5606],[101.1039,18.5217],[101.0934,18.4798],[101.0542,18.4427],[101.0858,18.3807],[101.0742,18.3577],[100.9802,18.3062],[100.9256,18.2502],[100.9127,18.2276],[100.9253,18.2119],[100.9079,18.1934],[100.9138,18.1593],[100.8757,18.1423],[100.8499,18.0828],[100.8104,18.0774],[100.777,18.0325],[100.7631,18.0634],[100.726,18.0477],[100.7171,18.0677],[100.7058,18.0265],[100.6102,18.0498],[100.5524,18.0349]]]}},{"type":"Feature","properties":{"th":"ตาก","en":"Tak"},"geometry":{"type":"Polygon","coordinates":[[[99.1055,16.0496],[99.0881,16.0434],[99.075,15.9523],[99.0969,15.9309],[99.0858,15.9123],[99.0962,15.8315],[99.1338,15.7982],[99.1389,15.7313],[99.0942,15.5827],[99.0483,15.5554],[99.0784,15.4998],[99.0559,15.4441],[99.0684,15.3953],[99.0435,15.3762],[99.0309,15.3354],[99.0391,15.2889],[99.0062,15.2392],[99.0022,15.1852],[98.9844,15.1803],[98.9554,15.2474],[98.9227,15.2465],[98.9116,15.2684],[98.8865,15.2754],[98.871,15.3249],[98.8314,15.3457],[98.7545,15.4411],[98.7592,15.4725],[98.7026,15.5015],[98.7237,15.5176],[98.6479,15.6332],[98.6258,15.6263],[98.627,15.6385],[98.5902,15.6449],[98.5831,15.6604],[98.5586,15.6511],[98.5466,15.6821],[98.6105,15.8765],[98.5959,15.8753],[98.5847,15.9169],[98.6072,15.9854],[98.5648,16.0299],[98.5668,16.0559],[98.5867,16.0754],[98.6138,16.0399],[98.6313,16.0478],[98.627,16.0619],[98.661,16.073],[98.6867,16.1331],[98.7431,16.1189],[98.7799,16.1263],[98.8045,16.1036],[98.8476,16.1276],[98.8622,16.17],[98.8558,16.2237],[98.9036,16.2539],[98.911,16.2984],[98.928,16.3065],[98.9265,16.3454],[98.9091,16.3477],[98.9188,16.3847],[98.8792,16.4258],[98.8289,16.4221],[98.8169,16.3853],[98.7824,16.3658],[98.7768,16.3451],[98.7283,16.3327],[98.7041,16.2729],[98.682,16.282],[98.6762,16.2712],[98.6666,16.3458],[98.653,16.3522],[98.6561,16.3999],[98.6362,16.4115],[98.6572,16.4522],[98.6511,16.4718],[98.6132,16.507],[98.5972,16.5472],[98.5829,16.5476],[98.5712,16.6318],[98.5124,16.6441],[98.5174,16.7012],[98.4962,16.6907],[98.5022,16.7142],[98.4705,16.7144],[98.4635,16.7281],[98.4872,16.7912],[98.5211,16.7906],[98.5149,16.8046],[98.5478,16.8146],[98.4921,16.8415],[98.5012,16.8641],[98.5156,16.8569],[98.5084,16.8795],[98.5399,16.8609],[98.5265,16.8837],[98.5357,16.899],[98.5126,16.9026],[98.5217,16.9176],[98.5075,16.9107],[98.5055,16.9279],[98.4896,16.9233],[98.4835,16.9366],[98.5083,16.9478],[98.4697,16.9707],[98.4734,16.9936],[98.4486,16.9967],[98.4554,17.0222],[98.4303,17.0222],[98.4376,17.0363],[98.3902,17.0606],[98.3449,17.0481],[98.2996,17.0911],[98.3226,17.111],[98.3013,17.1078],[98.2981,17.1275],[98.2802,17.1155],[98.2847,17.1438],[98.298,17.1457],[98.2715,17.1518],[98.2791,17.1735],[98.2488,17.1831],[98.2469,17.2109],[98.2284,17.2048],[98.2425,17.2295],[98.2123,17.2293],[98.2049,17.2502],[98.1351,17.2926],[98.1264,17.3197],[98.1119,17.3203],[98.1099,17.3858],[98.0807,17.3898],[98.0457,17.4299],[98.0563,17.4419],[97.9916,17.5108],[97.9708,17.5083],[97.9623,17.5278],[97.9236,17.5393],[97.9045,17.5856],[97.7935,17.6795],[97.7627,17.7251],[97.7744,17.7511],[97.7426,17.7848],[97.8473,17.7785],[97.9054,17.8134],[97.9112,17.8542],[97.9733,17.865],[97.9752,17.823],[98.0101,17.7693],[98.0407,17.6753],[98.1023,17.6224],[98.1367,17.5412],[98.2081,17.5398],[98.2687,17.5795],[98.2981,17.5764],[98.3295,17.4692],[98.3228,17.4167],[98.2917,17.408],[98.3342,17.3488],[98.3172,17.3212],[98.3926,17.2423],[98.4607,17.2757],[98.5743,17.2847],[98.5789,17.2988],[98.5576,17.2938],[98.5619,17.3513],[98.5375,17.3622],[98.5574,17.4204],[98.5184,17.4777],[98.5388,17.551],[98.5228,17.5728],[98.5263,17.7077],[98.4939,17.8137],[98.5189,17.8249],[98.5594,17.7965],[98.5715,17.8099],[98.5986,17.8025],[98.624,17.7773],[98.6392,17.8145],[98.6708,17.834],[98.7035,17.7433],[98.7405,17.707],[98.7378,17.6832],[98.6839,17.6658],[98.6824,17.5971],[98.7056,17.5008],[98.6826,17.4593],[98.6906,17.4241],[98.7176,17.4645],[98.8231,17.5122],[98.8587,17.5112],[98.88,17.4911],[98.9109,17.5354],[98.9262,17.5242],[98.932,17.4743],[98.9812,17.4647],[99.0121,17.4147],[99.1093,17.3588],[99.1133,17.3725],[99.1726,17.3364],[99.2284,17.4056],[99.27,17.4004],[99.2768,17.3311],[99.3211,17.2438],[99.3223,17.112],[99.3392,17.0934],[99.3703,17.0976],[99.3935,17.0828],[99.3926,17.0304],[99.4161,17.0183],[99.4453,16.9612],[99.448,16.8901],[99.4687,16.8667],[99.4167,16.8655],[99.4143,16.8472],[99.3823,16.8356],[99.3866,16.8112],[99.3248,16.815],[99.2915,16.7836],[99.306,16.7692],[99.303,16.7392],[99.2721,16.6686],[99.2467,16.6621],[99.2568,16.568],[99.2405,16.5335],[99.1913,16.5388],[99.164,16.5026],[99.0673,16.4615],[99.045,16.4198],[99.02,16.4176],[99.0161,16.3876],[99.0361,16.3838],[99.0521,16.3303],[99.0489,16.2594],[99.0805,16.2159],[99.0506,16.1373],[99.1086,16.0992],[99.1055,16.0496]]]}},{"type":"Feature","properties":{"th":"สุโขทัย","en":"Sukhothai"},"geometry":{"type":"Polygon","coordinates":[[[99.8901,16.7978],[99.8445,16.7149],[99.8149,16.7203],[99.7928,16.6865],[99.7644,16.6842],[99.7647,16.7169],[99.7417,16.7289],[99.7459,16.7434],[99.7038,16.7174],[99.643,16.7431],[99.5818,16.8033],[99.5713,16.8593],[99.5428,16.8593],[99.5314,16.825],[99.5152,16.8903],[99.4888,16.9135],[99.4625,16.8817],[99.448,16.8901],[99.4531,16.9389],[99.4161,17.0183],[99.3926,17.0304],[99.3935,17.0828],[99.3703,17.0976],[99.3392,17.0934],[99.3223,17.112],[99.3162,17.2694],[99.3403,17.2673],[99.3729,17.2128],[99.3931,17.2064],[99.4557,17.2545],[99.4547,17.3087],[99.4764,17.3411],[99.4695,17.3683],[99.4295,17.3923],[99.4428,17.4343],[99.4061,17.4713],[99.4211,17.5186],[99.4388,17.5273],[99.435,17.5634],[99.4133,17.5746],[99.4256,17.6091],[99.4536,17.5999],[99.4473,17.6443],[99.4764,17.677],[99.4713,17.7379],[99.5472,17.8119],[99.5981,17.8216],[99.6707,17.799],[99.7295,17.7215],[99.7824,17.7909],[99.8947,17.8056],[99.9219,17.7865],[99.9209,17.7475],[99.9634,17.7113],[99.9758,17.6221],[99.9241,17.5871],[99.9404,17.5502],[99.9326,17.5069],[99.9722,17.496],[100.0308,17.4356],[99.9917,17.4058],[100.0098,17.3803],[99.9997,17.3695],[100.012,17.3357],[99.9935,17.3129],[100.0024,17.2974],[99.9549,17.2428],[99.9734,17.2415],[99.9582,17.2312],[99.9823,17.2161],[99.9712,17.2109],[99.9836,17.1897],[99.9521,17.1563],[99.9851,17.0784],[99.9979,17.0855],[100.0143,17.0711],[100.0047,17.045],[100.1076,16.9744],[100.1106,16.9151],[100.0855,16.8889],[100.0105,16.8892],[99.9993,16.8617],[99.9426,16.8658],[99.9418,16.8286],[99.8901,16.7978]]]}},{"type":"Feature","properties":{"th":"อุทัยธานี","en":"Uthai Thani"},"geometry":{"type":"Polygon","coordinates":[[[100.038,15.2914],[99.9579,15.3068],[99.885,15.2879],[99.8502,15.3117],[99.7574,15.3121],[99.7633,15.2997],[99.7265,15.2596],[99.7316,15.2088],[99.7599,15.1754],[99.7481,15.1639],[99.7909,15.0865],[99.7692,15.0234],[99.7255,14.9895],[99.7311,14.9637],[99.6275,14.9883],[99.6305,14.9378],[99.5786,14.947],[99.5166,14.9828],[99.4512,14.9935],[99.4449,14.9834],[99.4197,15.0486],[99.3647,15.0487],[99.3391,15.0815],[99.3197,15.0812],[99.299,15.0537],[99.3,15.0133],[99.2562,14.9873],[99.1924,15.029],[99.1621,15.0152],[99.1354,15.0379],[99.1429,15.0519],[99.0509,15.043],[99.0003,15.0713],[99.0066,15.1444],[98.9844,15.1803],[99.0022,15.1852],[99.0062,15.2392],[99.0391,15.2889],[99.0309,15.3354],[99.0435,15.3762],[99.0684,15.3953],[99.0559,15.4441],[99.0784,15.4998],[99.0483,15.5554],[99.0942,15.5827],[99.1157,15.6335],[99.1116,15.6682],[99.1389,15.7313],[99.1338,15.7982],[99.2167,15.7681],[99.2458,15.7224],[99.2761,15.7178],[99.288,15.6971],[99.3599,15.6775],[99.3789,15.6252],[99.4225,15.6145],[99.4696,15.5648],[99.5118,15.5623],[99.5958,15.6297],[99.7055,15.6854],[99.7318,15.6882],[99.7952,15.6419],[99.8625,15.6175],[99.8681,15.6559],[99.9319,15.6734],[99.9479,15.5016],[100.0008,15.4822],[100.0091,15.5025],[100.0351,15.51],[100.0132,15.4728],[100.0608,15.4385],[100.0537,15.4251],[100.102,15.4175],[100.0877,15.4069],[100.1047,15.3743],[100.0751,15.3691],[100.1002,15.3367],[100.0584,15.2638],[100.038,15.2914]]]}},{"type":"Feature","properties":{"th":"กำแพงเพชร","en":"Kamphaeng Phet"},"geometry":{"type":"Polygon","coordinates":[[[99.8073,15.9438],[99.8047,15.9204],[99.7696,15.9192],[99.7722,15.8992],[99.7398,15.8582],[99.7092,15.8797],[99.6824,15.8672],[99.628,15.9151],[99.5564,15.906],[99.5404,15.9263],[99.5018,15.9286],[99.4777,15.9212],[99.4764,15.9026],[99.4463,15.9025],[99.425,15.9213],[99.4047,15.911],[99.357,15.9264],[99.3301,15.9115],[99.3194,15.9275],[99.2899,15.8919],[99.2082,15.9487],[99.0867,15.8868],[99.0969,15.9309],[99.075,15.9523],[99.0888,15.9799],[99.0835,16.0263],[99.1163,16.0754],[99.1086,16.0992],[99.0506,16.1373],[99.0805,16.2159],[99.0489,16.2594],[99.0521,16.3303],[99.0361,16.3838],[99.0161,16.3876],[99.02,16.4176],[99.045,16.4198],[99.0673,16.4615],[99.164,16.5026],[99.1913,16.5388],[99.2405,16.5335],[99.2568,16.568],[99.2467,16.6621],[99.2721,16.6686],[99.303,16.7392],[99.306,16.7692],[99.2915,16.7836],[99.3248,16.815],[99.3866,16.8112],[99.3823,16.8356],[99.4143,16.8472],[99.4167,16.8655],[99.4687,16.8667],[99.4701,16.901],[99.4888,16.9135],[99.5152,16.8903],[99.5314,16.825],[99.5428,16.8593],[99.5713,16.8593],[99.5818,16.8033],[99.643,16.7431],[99.7038,16.7174],[99.7459,16.7434],[99.7417,16.7289],[99.7647,16.7169],[99.7644,16.6842],[99.7928,16.6865],[99.8149,16.7203],[99.8445,16.7149],[99.8534,16.7356],[99.8952,16.7063],[99.8979,16.6333],[99.9255,16.5815],[100.0154,16.5814],[100.0106,16.5219],[100.0347,16.5022],[100.0,16.45],[99.9834,16.3751],[100.0067,16.3359],[100.0273,16.3315],[100.0212,16.2516],[100.0461,16.2075],[99.9318,16.0539],[99.8944,16.0539],[99.8451,16.0173],[99.8462,15.9814],[99.8073,15.9438]]]}},{"type":"Feature","properties":{"th":"นครสวรรค์","en":"Nakhon Sawan"},"geometry":{"type":"Polygon","coordinates":[[[100.5322,15.1831],[100.4914,15.1205],[100.4584,15.1154],[100.4231,15.0527],[100.3543,15.1012],[100.3355,15.1622],[100.318,15.1582],[100.2749,15.2244],[100.2521,15.3559],[100.2325,15.3687],[100.213,15.3542],[100.2171,15.3636],[100.1441,15.3906],[100.1249,15.4123],[100.0537,15.4251],[100.0608,15.4385],[100.0132,15.4728],[100.0351,15.51],[100.0091,15.5025],[100.0008,15.4822],[99.9479,15.5016],[99.9319,15.6734],[99.8681,15.6559],[99.8625,15.6175],[99.7952,15.6419],[99.7318,15.6882],[99.7055,15.6854],[99.5958,15.6297],[99.5118,15.5623],[99.4696,15.5648],[99.4225,15.6145],[99.3789,15.6252],[99.3599,15.6775],[99.288,15.6971],[99.2761,15.7178],[99.2458,15.7224],[99.2167,15.7681],[99.1658,15.7776],[99.1033,15.8211],[99.0867,15.8868],[99.2082,15.9487],[99.2899,15.8919],[99.3194,15.9275],[99.3301,15.9115],[99.357,15.9264],[99.4047,15.911],[99.425,15.9213],[99.4463,15.9025],[99.4764,15.9026],[99.4777,15.9212],[99.5018,15.9286],[99.5404,15.9263],[99.5564,15.906],[99.628,15.9151],[99.6824,15.8672],[99.7092,15.8797],[99.7398,15.8582],[99.7722,15.8992],[99.7696,15.9192],[99.8047,15.9204],[99.8073,15.9438],[99.8462,15.9814],[99.8451,16.0173],[99.8944,16.0539],[99.9318,16.0539],[100.0159,16.1528],[100.0253,16.1918],[100.0443,16.1684],[100.0756,16.1631],[100.0774,16.1249],[100.1144,16.0791],[100.1158,16.0472],[100.1813,15.9287],[100.2402,15.9343],[100.242,15.9532],[100.2763,15.9436],[100.3235,15.9741],[100.3222,15.9878],[100.3427,15.9652],[100.3315,15.9411],[100.5212,15.9403],[100.5363,15.924],[100.626,16.0027],[100.7378,15.9893],[100.7677,15.9356],[100.7639,15.9114],[100.7978,15.8916],[100.7899,15.8444],[100.8335,15.6807],[100.825,15.614],[100.8084,15.5943],[100.8322,15.5637],[100.7451,15.5119],[100.769,15.4961],[100.7687,15.462],[100.7115,15.4415],[100.6797,15.4522],[100.6437,15.4168],[100.625,15.3585],[100.6335,15.3233],[100.5899,15.268],[100.6131,15.2437],[100.5322,15.1831]]]}},{"type":"Feature","properties":{"th":"เพชรบูรณ์","en":"Phetchabun"},"geometry":{"type":"Polygon","coordinates":[[[101.3026,15.5012],[101.3055,15.3927],[101.2785,15.3632],[101.2021,15.3256],[101.0823,15.3523],[101.0537,15.3198],[101.0292,15.3225],[101.0228,15.3385],[100.9856,15.3247],[100.9753,15.4167],[100.9323,15.4145],[100.9269,15.4832],[100.8842,15.5297],[100.8545,15.5269],[100.8549,15.5476],[100.8328,15.5527],[100.8084,15.5943],[100.825,15.614],[100.8335,15.6807],[100.7899,15.8444],[100.7978,15.8916],[100.7639,15.9114],[100.7664,15.9314],[100.799,15.9363],[100.778,15.9661],[100.7821,15.994],[100.6353,16.0457],[100.6541,16.1016],[100.6442,16.14],[100.7191,16.2515],[100.6692,16.2505],[100.6763,16.2626],[100.649,16.3082],[100.667,16.3509],[100.7069,16.3857],[100.7094,16.418],[100.7722,16.4263],[100.7866,16.4492],[100.8052,16.4499],[100.7935,16.4724],[100.8168,16.483],[100.8582,16.5476],[100.8472,16.5918],[100.869,16.6493],[100.9422,16.6814],[100.9138,16.731],[100.9192,16.7591],[100.8989,16.7625],[100.9032,16.8021],[100.9491,16.7913],[100.9549,16.8255],[100.9785,16.8261],[100.9734,16.8421],[101.0126,16.8579],[101.0437,16.9036],[101.1068,16.9073],[101.1162,17.0195],[101.1694,17.0387],[101.1879,17.0647],[101.2219,17.0597],[101.2433,17.1088],[101.2789,17.0977],[101.3523,17.1679],[101.3976,17.178],[101.4512,17.1421],[101.5043,17.0102],[101.5332,17.0234],[101.5752,16.9836],[101.6076,16.999],[101.6289,17.0455],[101.6501,17.0415],[101.678,16.9398],[101.6917,16.9361],[101.6766,16.8668],[101.7215,16.8068],[101.687,16.7986],[101.7277,16.7533],[101.7879,16.7643],[101.7916,16.7267],[101.7659,16.6799],[101.7246,16.6514],[101.6887,16.6862],[101.6344,16.6802],[101.5875,16.7239],[101.554,16.7281],[101.5777,16.6727],[101.5719,16.6483],[101.5106,16.6769],[101.5261,16.6195],[101.5001,16.6106],[101.4972,16.5612],[101.5195,16.5495],[101.4723,16.5291],[101.4731,16.4795],[101.3984,16.4008],[101.4085,16.3837],[101.3814,16.3598],[101.3696,16.2756],[101.3534,16.2601],[101.372,16.2438],[101.3775,16.1871],[101.3408,16.1537],[101.3229,16.041],[101.3372,15.9917],[101.3581,15.9632],[101.3739,15.9685],[101.3608,15.9229],[101.3743,15.9195],[101.3324,15.8811],[101.3313,15.8035],[101.3172,15.7898],[101.3484,15.7504],[101.3376,15.7213],[101.3509,15.6625],[101.2881,15.5311],[101.3026,15.5012]]]}},{"type":"Feature","properties":{"th":"พิษณุโลก","en":"Phitsanulok"},"geometry":{"type":"Polygon","coordinates":[[[100.7069,16.3857],[100.6526,16.322],[100.6255,16.3269],[100.6303,16.3981],[100.5952,16.4158],[100.5683,16.4598],[100.5851,16.4716],[100.5758,16.5856],[100.5262,16.5658],[100.5096,16.5739],[100.4712,16.5198],[100.4305,16.5159],[100.4254,16.5358],[100.386,16.5536],[100.3236,16.5257],[100.2436,16.532],[100.2159,16.6477],[100.1915,16.6459],[100.204,16.6245],[100.1758,16.5988],[100.1858,16.586],[100.1187,16.6141],[100.0471,16.5712],[100.007,16.5865],[99.9255,16.5815],[99.8979,16.6333],[99.8952,16.7063],[99.8534,16.7356],[99.878,16.7806],[99.9418,16.8286],[99.9426,16.8658],[99.9993,16.8617],[100.0105,16.8892],[100.0855,16.8889],[100.1106,16.9151],[100.1076,16.9744],[100.0047,17.045],[100.0143,17.0711],[99.9979,17.0855],[99.9851,17.0784],[99.9826,17.1011],[99.9594,17.1179],[99.9514,17.1677],[100.0085,17.1513],[99.9961,17.1375],[100.0137,17.1389],[100.0365,17.1814],[100.1493,17.1856],[100.1617,17.1674],[100.1684,17.202],[100.2062,17.2072],[100.2533,17.2483],[100.2434,17.352],[100.3061,17.382],[100.3236,17.3685],[100.3301,17.3866],[100.4267,17.4214],[100.5008,17.4287],[100.5134,17.4038],[100.5896,17.4196],[100.6139,17.4652],[100.6449,17.4737],[100.6409,17.4905],[100.7399,17.5421],[100.8022,17.6384],[100.8427,17.6537],[100.8713,17.7068],[100.9042,17.7152],[100.914,17.6991],[100.9555,17.7007],[100.9883,17.743],[101.0076,17.7312],[101.0093,17.6997],[100.9668,17.5709],[100.9278,17.5695],[100.9031,17.5933],[100.8808,17.5846],[100.8608,17.5453],[100.8727,17.5289],[100.8336,17.4813],[100.8562,17.451],[100.8945,17.4654],[100.9161,17.4517],[100.9141,17.3425],[101.0065,17.3341],[101.05,17.284],[101.0833,17.2798],[101.1094,17.2344],[101.0815,17.1898],[101.0707,17.1154],[101.0519,17.1152],[101.0521,16.953],[101.0285,16.9445],[101.0717,16.9237],[101.0668,16.9021],[101.0437,16.9036],[101.0126,16.8579],[100.9734,16.8421],[100.9785,16.8261],[100.9549,16.8255],[100.9491,16.7913],[100.9032,16.8021],[100.8989,16.7625],[100.9192,16.7591],[100.9138,16.731],[100.9422,16.6814],[100.9248,16.6659],[100.8877,16.6677],[100.8614,16.6383],[100.8459,16.5789],[100.8582,16.5476],[100.8168,16.483],[100.7935,16.4724],[100.8052,16.4499],[100.7866,16.4492],[100.7722,16.4263],[100.7094,16.418],[100.7069,16.3857]]]}},{"type":"Feature","properties":{"th":"พิจิตร","en":"Phichit"},"geometry":{"type":"Polygon","coordinates":[[[100.626,16.0027],[100.5363,15.924],[100.5212,15.9403],[100.3315,15.9411],[100.3427,15.9652],[100.3222,15.9878],[100.3093,15.9612],[100.2671,15.9399],[100.2575,15.9545],[100.2168,15.9276],[100.1751,15.9341],[100.1158,16.0472],[100.1144,16.0791],[100.0774,16.1249],[100.0756,16.1631],[100.0443,16.1684],[100.0253,16.1918],[100.0461,16.2075],[100.0212,16.2516],[100.0273,16.3315],[100.0067,16.3359],[99.9834,16.3751],[100.0,16.45],[100.0347,16.5022],[100.0106,16.5219],[100.0126,16.5751],[100.0738,16.5781],[100.1187,16.6141],[100.1858,16.586],[100.1758,16.5988],[100.204,16.6245],[100.1915,16.6459],[100.2159,16.6477],[100.25,16.5301],[100.3236,16.5257],[100.386,16.5536],[100.4254,16.5358],[100.4305,16.5159],[100.4712,16.5198],[100.5096,16.5739],[100.5262,16.5658],[100.5758,16.5856],[100.5851,16.4716],[100.5683,16.4598],[100.5952,16.4158],[100.6303,16.3981],[100.6237,16.3305],[100.6526,16.322],[100.6692,16.2505],[100.7191,16.2515],[100.6442,16.14],[100.6541,16.1016],[100.6353,16.0457],[100.7689,16.0038],[100.799,15.9363],[100.7664,15.9314],[100.7378,15.9893],[100.6544,16.0067],[100.626,16.0027]]]}},{"type":"Feature","properties":{"th":"นครราชสีมา","en":"Nakhon Ratchasima"},"geometry":{"type":"Polygon","coordinates":[[[102.686,14.2985],[102.5006,14.1864],[102.4771,14.2004],[102.4534,14.1939],[102.4313,14.1523],[102.3809,14.147],[102.3592,14.1657],[102.3573,14.132],[102.3318,14.1201],[102.2717,14.1288],[102.2688,14.1463],[102.216,14.1446],[102.192,14.195],[102.1667,14.1725],[102.1637,14.1406],[102.1322,14.1378],[101.9666,14.2278],[101.982,14.2375],[101.9446,14.2474],[101.9295,14.3279],[101.877,14.3236],[101.8402,14.3661],[101.812,14.3476],[101.7889,14.3597],[101.7489,14.3479],[101.7421,14.3075],[101.6056,14.4364],[101.5339,14.4249],[101.4829,14.4628],[101.4361,14.4458],[101.4475,14.4219],[101.4224,14.3832],[101.3657,14.4494],[101.3107,14.4734],[101.3062,14.4985],[101.2846,14.4894],[101.2726,14.5125],[101.2428,14.4715],[101.1811,14.5436],[101.2154,14.5871],[101.1884,14.7493],[101.2145,14.754],[101.2317,14.7323],[101.2976,14.7388],[101.3072,14.7587],[101.3304,14.7608],[101.3371,14.7862],[101.4544,14.8643],[101.3991,15.0725],[101.3825,15.3332],[101.4549,15.3457],[101.4688,15.3676],[101.4961,15.3564],[101.5226,15.3738],[101.597,15.3789],[101.6187,15.3641],[101.6514,15.4012],[101.7639,15.3811],[101.7852,15.3898],[101.7996,15.4233],[101.8774,15.3914],[101.9331,15.4565],[102.0095,15.4582],[102.0356,15.4795],[102.0395,15.5425],[102.0752,15.6215],[102.1055,15.6313],[102.1448,15.6796],[102.1557,15.7422],[102.2009,15.7414],[102.2045,15.7577],[102.2315,15.7463],[102.2531,15.7595],[102.2561,15.7815],[102.2922,15.7854],[102.3127,15.8077],[102.3627,15.7675],[102.3612,15.7303],[102.4205,15.6956],[102.5132,15.728],[102.5558,15.704],[102.6097,15.7284],[102.6388,15.7153],[102.6913,15.724],[102.7167,15.666],[102.7473,15.6713],[102.78,15.645],[102.7679,15.6262],[102.7804,15.5636],[102.8169,15.5121],[102.8958,15.5215],[102.9307,15.5069],[102.9222,15.4998],[102.9392,15.4971],[102.9401,15.4748],[102.9667,15.4845],[102.9933,15.4689],[103.0126,15.4303],[102.9926,15.4144],[102.97,15.4262],[102.9518,15.4039],[102.9547,15.3853],[102.9846,15.3741],[102.9838,15.3569],[102.9527,15.3352],[102.9677,15.2913],[102.955,15.2717],[102.9662,15.1925],[102.897,15.1905],[102.8181,15.1441],[102.7624,15.0791],[102.7857,15.0685],[102.7966,15.0394],[102.7103,14.979],[102.6967,14.9342],[102.6011,14.9361],[102.5708,14.9572],[102.5461,14.947],[102.5673,14.9274],[102.5413,14.8995],[102.5518,14.859],[102.5327,14.8141],[102.5003,14.802],[102.4598,14.8348],[102.4411,14.8002],[102.4597,14.7638],[102.4832,14.7588],[102.4694,14.7016],[102.4846,14.6269],[102.4681,14.5865],[102.4952,14.565],[102.4814,14.5145],[102.61,14.4945],[102.5973,14.4458],[102.5688,14.4259],[102.5622,14.3757],[102.606,14.3219],[102.6373,14.3268],[102.686,14.2985]]]}},{"type":"Feature","properties":{"th":"บุรีรัมย์","en":"Buriram"},"geometry":{"type":"Polygon","coordinates":[[[102.7477,14.1397],[102.6957,14.1306],[102.6553,14.1656],[102.6343,14.1489],[102.608,14.1711],[102.5502,14.1352],[102.4691,14.1319],[102.4313,14.1523],[102.4534,14.1939],[102.4771,14.2004],[102.5006,14.1864],[102.5386,14.2021],[102.686,14.2985],[102.6373,14.3268],[102.606,14.3219],[102.5622,14.3757],[102.5688,14.4259],[102.5973,14.4458],[102.61,14.4945],[102.4814,14.5145],[102.4952,14.565],[102.4681,14.5865],[102.4846,14.6269],[102.4694,14.7016],[102.4832,14.7588],[102.4597,14.7638],[102.4411,14.8002],[102.4598,14.8348],[102.5003,14.802],[102.5327,14.8141],[102.5518,14.859],[102.5413,14.8995],[102.5673,14.9274],[102.5461,14.947],[102.5708,14.9572],[102.6011,14.9361],[102.6967,14.9342],[102.7103,14.979],[102.7966,15.0394],[102.7857,15.0685],[102.7624,15.0791],[102.8181,15.1441],[102.897,15.1905],[102.9376,15.1828],[102.9742,15.2064],[102.96,15.2179],[102.955,15.2717],[102.9677,15.2913],[102.9527,15.3352],[102.9838,15.3569],[102.9846,15.3741],[102.9547,15.3853],[102.9518,15.4039],[102.97,15.4262],[102.9926,15.4144],[103.0126,15.4303],[102.979,15.4818],[102.9366,15.4777],[102.9448,15.4878],[102.9302,15.4886],[102.9253,15.5108],[102.8839,15.5227],[102.8634,15.5081],[102.8169,15.5121],[102.7804,15.5636],[102.7679,15.6262],[102.8602,15.6409],[102.8858,15.673],[102.8687,15.6943],[102.8833,15.7761],[102.9305,15.7962],[102.9438,15.7537],[102.9715,15.757],[103.006,15.7254],[103.0035,15.6835],[102.9727,15.6678],[102.9766,15.6571],[103.0272,15.5998],[103.0498,15.5959],[103.0459,15.5642],[103.0903,15.533],[103.0726,15.4978],[103.1144,15.4671],[103.1137,15.4386],[103.0893,15.4198],[103.1171,15.4021],[103.1372,15.4125],[103.1584,15.3526],[103.1975,15.3622],[103.1874,15.3579],[103.1968,15.3356],[103.212,15.3431],[103.2185,15.3217],[103.2514,15.3219],[103.2496,15.3066],[103.2855,15.3165],[103.2884,15.2989],[103.3485,15.3469],[103.3969,15.3332],[103.3861,15.3213],[103.4039,15.3085],[103.4283,15.308],[103.4475,15.3447],[103.5026,15.314],[103.5047,15.2925],[103.4802,15.2952],[103.462,15.282],[103.4612,15.2585],[103.4413,15.2633],[103.4358,15.209],[103.4192,15.203],[103.426,15.1052],[103.4397,15.1013],[103.4281,15.0821],[103.4418,15.0861],[103.4223,15.0654],[103.4477,15.0448],[103.4088,15.0028],[103.4303,14.9794],[103.4162,14.9578],[103.425,14.9283],[103.4012,14.9185],[103.4045,14.8981],[103.3464,14.8324],[103.2923,14.8109],[103.2919,14.785],[103.2477,14.7599],[103.2746,14.7372],[103.2689,14.7013],[103.2315,14.6465],[103.237,14.6172],[103.2097,14.569],[103.2137,14.5042],[103.2444,14.4399],[103.2198,14.4023],[103.2335,14.3921],[103.2198,14.3754],[103.2269,14.327],[103.1682,14.3354],[103.1535,14.3135],[103.1392,14.3247],[103.124,14.3021],[103.0573,14.2852],[103.0222,14.2285],[102.9536,14.2084],[102.9568,14.1968],[102.9047,14.1667],[102.8769,14.1741],[102.8698,14.151],[102.8157,14.1713],[102.8002,14.1589],[102.7923,14.173],[102.7477,14.1397]]]}},{"type":"Feature","properties":{"th":"สมุทรสาคร","en":"Samut Sakhon"},"geometry":{"type":"Polygon","coordinates":[[[100.2938,13.4999],[100.0796,13.4242],[100.0737,13.4557],[100.0294,13.5083],[100.0437,13.5399],[100.0317,13.6122],[100.0524,13.6189],[100.064,13.6679],[100.0778,13.6503],[100.1202,13.6502],[100.1349,13.6822],[100.2429,13.6743],[100.2862,13.6947],[100.2924,13.7177],[100.3363,13.722],[100.3447,13.6425],[100.3774,13.6208],[100.394,13.5567],[100.4194,13.5463],[100.4071,13.5353],[100.4107,13.4915],[100.3429,13.4838],[100.2938,13.4999]]]}},{"type":"Feature","properties":{"th":"สมุทรสงคราม","en":"Samut Songkhram"},"geometry":{"type":"Polygon","coordinates":[[[99.9974,13.3319],[99.8801,13.257],[99.8896,13.2417],[99.86,13.2442],[99.8561,13.3276],[99.8892,13.4698],[99.9242,13.5145],[99.9662,13.4858],[100.0093,13.5155],[100.0418,13.5037],[100.0796,13.4242],[100.0477,13.4078],[100.0223,13.3619],[99.9965,13.3658],[99.9974,13.3319]]]}},{"type":"Feature","properties":{"th":"สุพรรณบุรี","en":"Suphan Buri"},"geometry":{"type":"Polygon","coordinates":[[[100.2257,14.2326],[100.2342,14.1751],[100.2119,14.1785],[100.1316,14.1371],[100.0486,14.1523],[99.9739,14.1429],[99.9262,14.1268],[99.8696,14.0734],[99.8188,14.0726],[99.8212,14.061],[99.7909,14.0996],[99.7681,14.0946],[99.7602,14.1715],[99.7968,14.2003],[99.8248,14.2669],[99.8214,14.5011],[99.7919,14.564],[99.8218,14.6332],[99.7987,14.6777],[99.8015,14.7345],[99.7146,14.7547],[99.6552,14.8038],[99.6125,14.7821],[99.5696,14.7885],[99.5717,14.7323],[99.5162,14.7025],[99.4425,14.732],[99.4364,14.7742],[99.4212,14.7814],[99.3901,14.7658],[99.3588,14.7714],[99.3088,14.8128],[99.2812,14.8616],[99.3178,14.8953],[99.3209,14.9492],[99.2832,14.9979],[99.3072,15.0254],[99.299,15.0537],[99.3197,15.0812],[99.3391,15.0815],[99.3647,15.0487],[99.4197,15.0486],[99.4449,14.9834],[99.4512,14.9935],[99.5166,14.9828],[99.5786,14.947],[99.6305,14.9378],[99.6236,14.9802],[99.635,14.9899],[99.7022,14.9757],[99.6936,14.9657],[99.7635,14.9623],[99.8828,14.9124],[99.9681,14.9018],[100.0408,14.9193],[100.0397,14.961],[100.1327,14.9463],[100.1367,14.9131],[100.1995,14.9605],[100.1815,14.9347],[100.1862,14.9072],[100.2204,14.909],[100.2065,14.8941],[100.2244,14.8837],[100.2045,14.8086],[100.2297,14.7871],[100.203,14.7714],[100.2034,14.7153],[100.2402,14.6508],[100.1917,14.6128],[100.2152,14.597],[100.1974,14.5552],[100.2301,14.4879],[100.2527,14.4811],[100.2461,14.4523],[100.2811,14.3986],[100.2684,14.3766],[100.279,14.3388],[100.2257,14.2326]]]}},{"type":"Feature","properties":{"th":"นครปฐม","en":"Nakhon Pathom"},"geometry":{"type":"Polygon","coordinates":[[[100.1202,13.6502],[100.0778,13.6503],[100.0674,13.6959],[100.0318,13.6936],[100.0277,13.7535],[99.9605,13.7221],[99.9424,13.7446],[99.9381,13.7699],[99.9689,13.7977],[99.9579,13.8356],[99.9004,13.841],[99.911,13.8689],[99.8959,13.9035],[99.9238,13.92],[99.926,13.9382],[99.8529,13.9642],[99.8296,13.9983],[99.8491,14.052],[99.8188,14.0726],[99.8696,14.0734],[99.9262,14.1268],[99.9739,14.1429],[100.0486,14.1523],[100.1316,14.1371],[100.2119,14.1785],[100.2837,14.1701],[100.2642,14.0598],[100.2762,14.0217],[100.2623,13.9981],[100.2981,13.9629],[100.2642,13.921],[100.3298,13.8008],[100.3363,13.722],[100.2924,13.7177],[100.2862,13.6947],[100.2429,13.6743],[100.1349,13.6822],[100.1202,13.6502]]]}},{"type":"Feature","properties":{"th":"ราชบุรี","en":"Ratchaburi"},"geometry":{"type":"Polygon","coordinates":[[[99.53,13.208],[99.5063,13.1803],[99.4786,13.1999],[99.4417,13.184],[99.3499,13.2433],[99.3193,13.212],[99.323,13.1758],[99.2714,13.149],[99.21,13.2076],[99.1967,13.2571],[99.2116,13.2619],[99.1871,13.2912],[99.2065,13.3393],[99.207,13.4598],[99.1875,13.4977],[99.1907,13.5454],[99.1646,13.5751],[99.1782,13.586],[99.1661,13.611],[99.1675,13.7341],[99.27,13.7455],[99.3091,13.7755],[99.3579,13.7525],[99.4533,13.7809],[99.4702,13.8063],[99.5054,13.7662],[99.5506,13.7595],[99.6671,13.8461],[99.811,13.8091],[99.8199,13.8601],[99.8357,13.8664],[99.8762,13.9619],[99.8868,13.9443],[99.926,13.9382],[99.9238,13.92],[99.8959,13.9035],[99.911,13.8689],[99.9004,13.841],[99.9579,13.8356],[99.9689,13.7977],[99.9381,13.7699],[99.9424,13.7446],[99.9605,13.7221],[100.0277,13.7535],[100.0318,13.6936],[100.0674,13.6959],[100.0524,13.6189],[100.0317,13.6122],[100.0437,13.5399],[100.0294,13.5083],[100.0093,13.5155],[99.9662,13.4858],[99.9141,13.509],[99.8892,13.4698],[99.8561,13.3276],[99.7583,13.3429],[99.6659,13.2849],[99.661,13.2118],[99.5928,13.1982],[99.53,13.208]]]}},{"type":"Feature","properties":{"th":"บึงกาฬ","en":"Bueng Kan"},"geometry":{"type":"Polygon","coordinates":[[[104.0303,17.9099],[103.9817,17.8579],[104.0029,17.8483],[104.0119,17.811],[103.9791,17.771],[103.9733,17.7853],[103.942,17.7854],[103.9188,17.8189],[103.9225,17.856],[103.9006,17.8488],[103.9063,17.8805],[103.8656,17.864],[103.8598,17.8821],[103.796,17.8771],[103.8111,17.8586],[103.7947,17.8422],[103.7642,17.8854],[103.7869,17.8905],[103.7797,17.9323],[103.7576,17.9207],[103.7635,17.9554],[103.7474,17.9121],[103.7163,17.9425],[103.662,17.9505],[103.6626,17.974],[103.6246,17.9691],[103.6207,18.0001],[103.6396,18.0142],[103.6112,18.014],[103.5941,18.0506],[103.5812,18.0389],[103.5432,18.0645],[103.5425,18.0883],[103.5367,18.0686],[103.4964,18.0648],[103.4979,17.9901],[103.4721,18.0053],[103.4638,17.9887],[103.4449,17.992],[103.4465,17.9668],[103.4003,17.9926],[103.3904,18.0246],[103.353,18.027],[103.3503,18.0462],[103.3128,18.0568],[103.2996,18.0813],[103.3136,18.1019],[103.2949,18.1037],[103.2956,18.1197],[103.367,18.1642],[103.3439,18.1747],[103.3365,18.204],[103.2618,18.2449],[103.2617,18.265],[103.2952,18.2717],[103.2978,18.3149],[103.2521,18.3392],[103.2453,18.3684],[103.3103,18.4327],[103.4082,18.4488],[103.4634,18.425],[103.6095,18.4043],[103.6976,18.3428],[103.8219,18.3367],[103.8589,18.2841],[103.9193,18.3257],[103.969,18.3381],[104.0599,18.2203],[104.105,18.1165],[104.1903,18.0234],[104.1728,18.0028],[104.1519,18.024],[104.1137,18.0051],[104.1177,17.967],[104.1341,17.9558],[104.1229,17.9233],[104.0713,17.878],[104.0625,17.9032],[104.0303,17.9099]]]}},{"type":"Feature","properties":{"th":"กาญจนบุรี","en":"Kanchanaburi"},"geometry":{"type":"Polygon","coordinates":[[[99.4702,13.8063],[99.4533,13.7809],[99.3579,13.7525],[99.3091,13.7755],[99.27,13.7455],[99.223,13.7477],[99.2013,13.7294],[99.173,13.7398],[99.1619,13.7258],[99.1543,13.7547],[99.1228,13.7717],[99.1211,13.8132],[99.0994,13.8378],[99.1095,13.8908],[99.0809,13.8918],[99.0598,13.9292],[99.0188,13.9473],[98.9981,14.0192],[98.971,14.0339],[98.9597,14.0966],[98.8998,14.1084],[98.8289,14.1758],[98.7053,14.2535],[98.6981,14.2747],[98.6005,14.3238],[98.5936,14.3768],[98.576,14.3687],[98.5649,14.3849],[98.4921,14.54],[98.4615,14.531],[98.4597,14.5782],[98.4375,14.613],[98.3665,14.6663],[98.3529,14.6989],[98.3235,14.7097],[98.2541,14.814],[98.2608,14.8569],[98.2299,14.8895],[98.2501,14.9158],[98.2325,14.9674],[98.2089,14.9829],[98.2127,15.0196],[98.2351,15.0428],[98.1842,15.0965],[98.1902,15.1492],[98.2136,15.1802],[98.1977,15.2325],[98.2579,15.2235],[98.2802,15.2701],[98.3035,15.2803],[98.2984,15.3131],[98.3751,15.2819],[98.4021,15.2544],[98.4141,15.2944],[98.3881,15.3035],[98.415,15.3232],[98.4164,15.3634],[98.4553,15.3679],[98.4592,15.3861],[98.4712,15.3722],[98.4901,15.3938],[98.5377,15.3706],[98.5564,15.3347],[98.5794,15.3736],[98.5855,15.471],[98.553,15.6023],[98.5586,15.6511],[98.5831,15.6604],[98.5902,15.6449],[98.627,15.6385],[98.6258,15.6263],[98.6479,15.6332],[98.7237,15.5176],[98.7026,15.5015],[98.7592,15.4725],[98.7545,15.4411],[98.8314,15.3457],[98.871,15.3249],[98.8865,15.2754],[98.9116,15.2684],[98.9227,15.2465],[98.9554,15.2474],[98.964,15.206],[99.0066,15.1444],[99.0003,15.0713],[99.0509,15.043],[99.1429,15.0519],[99.1354,15.0379],[99.1621,15.0152],[99.1924,15.029],[99.2562,14.9873],[99.2832,14.9979],[99.3043,14.981],[99.3209,14.9492],[99.3178,14.8953],[99.2812,14.8616],[99.3088,14.8128],[99.3588,14.7714],[99.3901,14.7658],[99.4212,14.7814],[99.4364,14.7742],[99.4425,14.732],[99.5162,14.7025],[99.5717,14.7323],[99.5696,14.7885],[99.6125,14.7821],[99.6552,14.8038],[99.7146,14.7547],[99.8015,14.7345],[99.7987,14.6777],[99.8218,14.6332],[99.7919,14.564],[99.8214,14.5011],[99.8248,14.2669],[99.7968,14.2003],[99.7602,14.1715],[99.7681,14.0946],[99.7909,14.0996],[99.8108,14.0655],[99.8491,14.052],[99.8296,13.9983],[99.8797,13.9503],[99.8357,13.8664],[99.8227,13.8665],[99.811,13.8091],[99.6671,13.8461],[99.5506,13.7595],[99.5054,13.7662],[99.4702,13.8063]]]}},{"type":"Feature","properties":{"th":"หนองบัวลำภู","en":"Nong Bua Lamphu"},"geometry":{"type":"Polygon","coordinates":[[[102.615,16.7771],[102.4536,16.8109],[102.4454,16.7919],[102.4205,16.7952],[102.3506,16.8303],[102.3465,16.8172],[102.3303,16.8552],[102.316,16.855],[102.3246,16.8674],[102.2961,16.8909],[102.2546,16.8948],[102.2153,16.8583],[102.1877,16.858],[102.1047,16.8973],[102.0993,16.882],[102.0702,16.885],[102.0457,16.9072],[102.0299,16.9505],[102.1254,16.9913],[102.1535,17.0274],[102.108,17.0614],[102.0914,17.1108],[102.0164,17.1399],[102.0449,17.165],[102.0174,17.2021],[102.0377,17.2208],[102.0819,17.1702],[102.0999,17.1805],[102.0695,17.2571],[102.0527,17.2516],[102.0148,17.2795],[101.9861,17.3233],[102.0206,17.3412],[102.0179,17.374],[101.9849,17.4149],[101.9919,17.4595],[102.0521,17.4495],[102.0917,17.4643],[102.1286,17.4922],[102.1393,17.5228],[102.1344,17.5595],[102.0828,17.635],[102.1042,17.647],[102.1292,17.6362],[102.1602,17.6662],[102.2966,17.6622],[102.2868,17.6737],[102.3182,17.6788],[102.3323,17.5546],[102.4378,17.3394],[102.4395,17.2805],[102.5033,17.286],[102.5366,17.2583],[102.5929,17.2655],[102.5419,17.2171],[102.5218,17.2253],[102.5036,17.1951],[102.5206,17.1511],[102.5069,17.1392],[102.5438,17.0672],[102.6694,16.9937],[102.6795,16.968],[102.6244,16.8436],[102.615,16.7771]]]}},{"type":"Feature","properties":{"th":"ลพบุรี","en":"Lopburi"},"geometry":{"type":"Polygon","coordinates":[[[100.6117,14.6463],[100.5492,14.6713],[100.5131,14.6565],[100.5157,14.6817],[100.4754,14.703],[100.462,14.7247],[100.4882,14.748],[100.4674,14.7983],[100.4814,14.8117],[100.4458,14.859],[100.4503,14.8732],[100.4295,14.8796],[100.4207,14.9295],[100.4485,14.9422],[100.4416,15.0011],[100.4697,15.0284],[100.4274,15.0618],[100.4584,15.1154],[100.5077,15.1317],[100.5322,15.1831],[100.6131,15.2437],[100.5899,15.268],[100.6335,15.3233],[100.625,15.3585],[100.6437,15.4168],[100.6797,15.4522],[100.7115,15.4415],[100.7687,15.462],[100.769,15.4961],[100.7451,15.5119],[100.8322,15.5637],[100.8549,15.5476],[100.8545,15.5269],[100.8842,15.5297],[100.9269,15.4832],[100.9323,15.4145],[100.9753,15.4167],[100.9856,15.3247],[101.0228,15.3385],[101.0292,15.3225],[101.0537,15.3198],[101.0823,15.3523],[101.2021,15.3256],[101.2785,15.3632],[101.3055,15.3927],[101.3034,15.519],[101.2881,15.5311],[101.3509,15.6625],[101.3388,15.7471],[101.4059,15.7366],[101.3713,15.5854],[101.3991,15.0725],[101.363,15.0461],[101.3288,14.9661],[101.2983,14.9592],[101.2585,14.913],[101.1978,14.9221],[101.1514,14.8969],[101.0995,14.9085],[101.0734,14.8786],[101.0918,14.8507],[101.0619,14.7893],[101.0733,14.7634],[101.0608,14.7596],[101.0541,14.7902],[101.0238,14.8091],[100.9903,14.7634],[100.9919,14.7404],[100.9663,14.7514],[100.9425,14.7415],[100.8995,14.7721],[100.8819,14.7642],[100.8469,14.8045],[100.7774,14.796],[100.6643,14.7369],[100.6395,14.6742],[100.6117,14.6463]]]}},{"type":"Feature","properties":{"th":"ชัยภูมิ","en":"Chaiyaphum"},"geometry":{"type":"Polygon","coordinates":[[[101.7639,15.3811],[101.6514,15.4012],[101.6187,15.3641],[101.597,15.3789],[101.5226,15.3738],[101.4961,15.3564],[101.4688,15.3676],[101.4549,15.3457],[101.3825,15.3332],[101.3713,15.5854],[101.4059,15.7366],[101.3354,15.7539],[101.3172,15.7898],[101.3313,15.8035],[101.3324,15.8811],[101.3743,15.9195],[101.3608,15.9229],[101.3739,15.9685],[101.3581,15.9632],[101.3372,15.9917],[101.3229,16.041],[101.3408,16.1537],[101.3775,16.1871],[101.372,16.2438],[101.3534,16.2601],[101.3696,16.2756],[101.3814,16.3598],[101.4085,16.3837],[101.3984,16.4008],[101.4731,16.4795],[101.4723,16.5291],[101.5195,16.5495],[101.4972,16.5612],[101.5001,16.6106],[101.5261,16.6195],[101.5106,16.6769],[101.5719,16.6483],[101.5598,16.7307],[101.6344,16.6802],[101.6887,16.6862],[101.7246,16.6514],[101.7508,16.668],[101.7539,16.6523],[101.7783,16.647],[101.7744,16.6287],[101.8292,16.6577],[101.9054,16.6283],[101.9556,16.6309],[101.9924,16.5847],[101.9889,16.5665],[102.0236,16.5587],[102.03,16.5254],[102.0729,16.5028],[102.0678,16.4938],[102.2059,16.5033],[102.2552,16.4612],[102.3004,16.4452],[102.3646,16.4529],[102.3732,16.4364],[102.3982,16.4469],[102.4028,16.466],[102.4129,16.4285],[102.4594,16.3942],[102.4144,16.2513],[102.2803,16.0759],[102.3023,16.0391],[102.3439,16.0353],[102.3552,16.0052],[102.3848,15.9973],[102.3669,15.9652],[102.3747,15.9464],[102.3158,15.8471],[102.3279,15.8037],[102.2561,15.7815],[102.2531,15.7595],[102.2315,15.7463],[102.2045,15.7577],[102.2009,15.7414],[102.1557,15.7422],[102.1448,15.6796],[102.1055,15.6313],[102.0752,15.6215],[102.0395,15.5425],[102.0356,15.4795],[102.0095,15.4582],[101.9331,15.4565],[101.8774,15.3914],[101.7996,15.4233],[101.7852,15.3898],[101.7639,15.3811]]]}},{"type":"Feature","properties":{"th":"สิงห์บุรี","en":"Sing Buri"},"geometry":{"type":"Polygon","coordinates":[[[100.4025,14.7589],[100.3811,14.7427],[100.3291,14.8019],[100.295,14.7812],[100.2726,14.7987],[100.2163,14.7981],[100.2045,14.8086],[100.2244,14.8837],[100.2065,14.8941],[100.2221,14.9027],[100.1862,14.9072],[100.1815,14.9347],[100.2017,14.9543],[100.2591,14.9438],[100.291,14.9563],[100.2934,14.9847],[100.2443,15.0241],[100.2222,15.0251],[100.2191,15.0426],[100.246,15.0389],[100.2609,15.0584],[100.2938,15.0644],[100.2891,15.0785],[100.3516,15.1199],[100.3543,15.1012],[100.4231,15.0527],[100.4455,15.0563],[100.4697,15.0284],[100.4416,15.0011],[100.4485,14.9422],[100.4207,14.9193],[100.4295,14.8796],[100.4503,14.8732],[100.4458,14.859],[100.4814,14.8117],[100.4674,14.7983],[100.4882,14.748],[100.4649,14.7187],[100.4148,14.727],[100.4025,14.7589]]]}},{"type":"Feature","properties":{"th":"พระนครศรีอยุธยา","en":"Phra Nakhon Si Ayutthaya"},"geometry":{"type":"Polygon","coordinates":[[[100.5172,14.1294],[100.3983,14.115],[100.3831,14.133],[100.3828,14.1151],[100.3442,14.1156],[100.2971,14.14],[100.2799,14.1254],[100.2837,14.1701],[100.2342,14.1751],[100.2257,14.2326],[100.28,14.3526],[100.2741,14.4267],[100.2438,14.4604],[100.2593,14.4906],[100.3193,14.4881],[100.3923,14.51],[100.4272,14.4936],[100.4175,14.4441],[100.4601,14.4389],[100.4967,14.4595],[100.4988,14.5196],[100.479,14.5678],[100.5028,14.6679],[100.5131,14.6565],[100.5492,14.6713],[100.6024,14.6538],[100.5753,14.5969],[100.6032,14.5785],[100.6032,14.556],[100.6751,14.5571],[100.656,14.6061],[100.702,14.5753],[100.7807,14.5675],[100.7776,14.531],[100.7489,14.5172],[100.7724,14.4928],[100.7597,14.4135],[100.7971,14.3907],[100.7728,14.3297],[100.8235,14.3295],[100.8231,14.2439],[100.62,14.1426],[100.6199,14.1293],[100.55,14.1107],[100.5172,14.1294]],[[100.5554,14.1495],[100.5554,14.1495],[100.5555,14.1495],[100.5554,14.1495]],[[100.5558,14.1491],[100.5557,14.149],[100.5558,14.1491],[100.5558,14.1491]],[[100.5645,14.2867],[100.5652,14.2872],[100.5653,14.2873],[100.5645,14.2867]]]}},{"type":"Feature","properties":{"th":"อำนาจเจริญ","en":"Amnat Charoen"},"geometry":{"type":"Polygon","coordinates":[[[104.8957,15.6528],[104.9336,15.6403],[104.9312,15.6195],[104.8862,15.5747],[104.8877,15.545],[104.87,15.5386],[104.8648,15.5614],[104.8766,15.5632],[104.8619,15.5803],[104.8236,15.586],[104.8126,15.6052],[104.7938,15.5989],[104.7879,15.6211],[104.7467,15.6416],[104.7416,15.6587],[104.7291,15.648],[104.6206,15.6881],[104.6032,15.6697],[104.6379,15.647],[104.5774,15.6021],[104.5866,15.568],[104.5466,15.542],[104.5114,15.5591],[104.5054,15.586],[104.4635,15.5881],[104.4651,15.6274],[104.439,15.619],[104.4433,15.684],[104.4402,15.7002],[104.4194,15.6978],[104.431,15.7384],[104.4186,15.7464],[104.4337,15.7533],[104.4349,15.8136],[104.4602,15.8438],[104.4539,15.9013],[104.5326,15.9999],[104.5153,16.0255],[104.562,16.099],[104.6621,16.1232],[104.7293,16.1021],[104.7808,16.114],[104.8139,16.098],[104.8228,16.1567],[104.7894,16.1577],[104.7652,16.1963],[104.8129,16.1863],[104.8268,16.2047],[104.8707,16.2085],[104.8849,16.2351],[104.9469,16.2616],[104.9583,16.2834],[105.0158,16.242],[105.0134,16.1878],[105.0462,16.1025],[105.0603,16.098],[105.042,16.0947],[105.0039,16.0207],[105.0238,15.98],[104.9666,15.8671],[104.958,15.7866],[104.9072,15.7606],[104.8957,15.6528]]]}},{"type":"Feature","properties":{"th":"อ่างทอง","en":"Ang Thong"},"geometry":{"type":"Polygon","coordinates":[[[100.4677,14.4421],[100.4175,14.4441],[100.4272,14.4936],[100.4058,14.5081],[100.3193,14.4881],[100.2301,14.4879],[100.1974,14.5552],[100.2152,14.597],[100.1917,14.6128],[100.2402,14.6508],[100.2034,14.7153],[100.203,14.7714],[100.2265,14.7943],[100.2726,14.7987],[100.295,14.7812],[100.3291,14.8019],[100.3811,14.7427],[100.4025,14.7589],[100.4148,14.727],[100.4649,14.7187],[100.5157,14.6817],[100.479,14.5678],[100.4988,14.5196],[100.4967,14.4595],[100.4677,14.4421]]]}},{"type":"Feature","properties":{"th":"อุบลราชธานี","en":"Ubon Ratchathani"},"geometry":{"type":"Polygon","coordinates":[[[105.3036,14.3661],[105.2801,14.3537],[105.2513,14.3619],[105.2273,14.3335],[105.1746,14.3443],[105.1493,14.246],[105.0831,14.209],[105.0498,14.215],[105.021,14.2434],[104.9843,14.3189],[104.9938,14.3794],[104.907,14.3995],[104.8761,14.4369],[104.8401,14.426],[104.8288,14.4407],[104.8625,14.4975],[104.8163,14.5515],[104.8507,14.6596],[104.8895,14.6511],[104.8769,14.699],[104.8207,14.7524],[104.8155,14.7901],[104.7985,14.8026],[104.808,14.8316],[104.8255,14.8378],[104.8055,14.8969],[104.778,14.8988],[104.7363,14.9391],[104.6999,14.9352],[104.6845,14.951],[104.6698,15.0324],[104.6864,15.0429],[104.6926,15.0837],[104.6765,15.0856],[104.6894,15.0991],[104.6707,15.0987],[104.6795,15.1229],[104.7371,15.1623],[104.7236,15.1707],[104.7004,15.1571],[104.7148,15.1954],[104.7029,15.1853],[104.7039,15.2007],[104.6821,15.2012],[104.6451,15.2549],[104.6091,15.2591],[104.6061,15.2739],[104.5792,15.253],[104.5229,15.2529],[104.4061,15.289],[104.4129,15.3298],[104.4468,15.343],[104.4331,15.3464],[104.4378,15.3689],[104.4301,15.3779],[104.418,15.3658],[104.3818,15.3967],[104.392,15.4075],[104.3722,15.4577],[104.3891,15.4896],[104.3831,15.536],[104.3994,15.5459],[104.419,15.5359],[104.4416,15.5545],[104.4809,15.5371],[104.5113,15.5635],[104.5466,15.542],[104.5866,15.568],[104.5774,15.6021],[104.6379,15.647],[104.6032,15.6697],[104.6206,15.6881],[104.7291,15.648],[104.7416,15.6587],[104.7467,15.6416],[104.7879,15.6211],[104.7938,15.5989],[104.8126,15.6052],[104.8236,15.586],[104.8619,15.5803],[104.8766,15.5632],[104.8648,15.5614],[104.87,15.5386],[104.8877,15.545],[104.8862,15.5747],[104.9276,15.6039],[104.9336,15.6403],[104.8957,15.6528],[104.9072,15.7606],[104.958,15.7866],[104.9666,15.8671],[105.0238,15.98],[105.0039,16.0207],[105.042,16.0947],[105.0603,16.098],[105.4241,16.0059],[105.421,15.9873],[105.3755,15.9825],[105.3422,15.9203],[105.3942,15.8026],[105.4196,15.7891],[105.4342,15.7551],[105.4687,15.7468],[105.5019,15.7675],[105.5555,15.7483],[105.6003,15.7212],[105.6347,15.663],[105.6249,15.5634],[105.5931,15.5103],[105.6028,15.4796],[105.5918,15.4258],[105.5756,15.4062],[105.4913,15.3846],[105.469,15.355],[105.5035,15.3156],[105.5741,15.3283],[105.5922,15.2743],[105.5396,15.2522],[105.4939,15.2043],[105.4693,15.1576],[105.486,15.1502],[105.4613,15.1158],[105.5155,15.0841],[105.5139,15.063],[105.554,15.0641],[105.5468,15.0383],[105.5725,15.0205],[105.5743,14.999],[105.6247,14.9753],[105.5834,14.9408],[105.5526,14.9497],[105.5456,14.9263],[105.58,14.878],[105.5495,14.8747],[105.5599,14.8392],[105.5187,14.8225],[105.5112,14.8002],[105.5252,14.7821],[105.5124,14.7545],[105.5466,14.7316],[105.5194,14.7267],[105.5152,14.6956],[105.5176,14.6523],[105.5425,14.6201],[105.53,14.608],[105.5349,14.5587],[105.5265,14.5365],[105.4808,14.5064],[105.4291,14.4163],[105.4082,14.4298],[105.3869,14.3965],[105.3417,14.3841],[105.3243,14.398],[105.3036,14.3661]]]}},{"type":"Feature","properties":{"th":"ยโสธร","en":"Yasothon"},"geometry":{"type":"Polygon","coordinates":[[[104.3818,15.3967],[104.418,15.3658],[104.4301,15.3779],[104.4331,15.3464],[104.4468,15.343],[104.4129,15.3298],[104.4061,15.289],[104.3816,15.2945],[104.3536,15.3445],[104.3049,15.342],[104.2453,15.374],[104.1882,15.4676],[104.1732,15.4628],[104.1328,15.5142],[104.122,15.5781],[104.2098,15.6187],[104.1865,15.6091],[104.1901,15.6328],[104.1694,15.6334],[104.1861,15.6672],[104.152,15.691],[104.1466,15.714],[104.1213,15.6984],[104.1413,15.7297],[104.1271,15.7697],[104.1344,15.7984],[104.0716,15.8383],[104.0782,15.8201],[104.0359,15.7967],[103.9998,15.7965],[103.9972,15.8147],[104.0136,15.8181],[104.0072,15.8307],[104.0286,15.8606],[104.0192,15.8668],[104.0365,15.8692],[104.0148,15.893],[104.0359,15.9406],[104.0263,15.9611],[104.0113,15.9582],[104.0277,15.9837],[104.0939,15.9771],[104.1065,15.9906],[104.1138,16.0378],[104.0958,16.0738],[104.1151,16.1147],[104.1383,16.1106],[104.1659,16.1425],[104.2303,16.1688],[104.2579,16.2244],[104.2979,16.2402],[104.3438,16.2915],[104.3515,16.3254],[104.3935,16.3472],[104.4989,16.3409],[104.5124,16.3159],[104.5508,16.312],[104.5598,16.2619],[104.6023,16.2254],[104.6282,16.2108],[104.6664,16.2436],[104.7034,16.2075],[104.7652,16.1963],[104.7894,16.1577],[104.8228,16.1567],[104.8236,16.1446],[104.8143,16.0987],[104.8019,16.0955],[104.7808,16.114],[104.7293,16.1021],[104.6229,16.1233],[104.562,16.099],[104.5153,16.0255],[104.5326,15.9999],[104.4539,15.9013],[104.4602,15.8438],[104.4349,15.8136],[104.4337,15.7533],[104.4186,15.7464],[104.431,15.7384],[104.4194,15.6978],[104.4402,15.7002],[104.4433,15.684],[104.439,15.619],[104.4651,15.6274],[104.4575,15.5956],[104.5054,15.586],[104.5113,15.5635],[104.4809,15.5371],[104.4416,15.5545],[104.419,15.5359],[104.3831,15.536],[104.3891,15.4896],[104.3722,15.4577],[104.392,15.4075],[104.3818,15.3967]]]}},{"type":"Feature","properties":{"th":"นนทบุรี","en":"Nonthaburi"},"geometry":{"type":"Polygon","coordinates":[[[100.4837,13.7947],[100.3279,13.8042],[100.2642,13.921],[100.2981,13.9629],[100.2623,13.9981],[100.2762,14.0217],[100.2642,14.0598],[100.2799,14.1254],[100.2971,14.14],[100.3442,14.1156],[100.3319,14.0565],[100.3648,13.9909],[100.4648,13.9713],[100.5013,13.9369],[100.5401,13.9558],[100.5678,13.9513],[100.5434,13.85],[100.4837,13.7947]]]}},{"type":"Feature","properties":{"th":"สุรินทร์","en":"Surin"},"geometry":{"type":"Polygon","coordinates":[[[103.4353,14.3909],[103.4098,14.3576],[103.3789,14.3519],[103.2635,14.3501],[103.2269,14.327],[103.2198,14.3754],[103.2335,14.3921],[103.2198,14.4023],[103.2444,14.4399],[103.2137,14.5042],[103.2097,14.569],[103.237,14.6172],[103.2315,14.6465],[103.2689,14.7013],[103.2746,14.7372],[103.2477,14.7599],[103.2919,14.785],[103.2923,14.8109],[103.3464,14.8324],[103.4045,14.8981],[103.4012,14.9185],[103.425,14.9283],[103.4162,14.9578],[103.4303,14.9794],[103.4088,15.0028],[103.4477,15.0448],[103.4223,15.0654],[103.4418,15.0861],[103.4281,15.0821],[103.4397,15.1013],[103.426,15.1052],[103.4192,15.203],[103.4358,15.209],[103.4413,15.2633],[103.4612,15.2585],[103.462,15.282],[103.4802,15.2952],[103.5047,15.2925],[103.5026,15.314],[103.4475,15.3447],[103.4283,15.308],[103.4039,15.3085],[103.3861,15.3213],[103.3969,15.3332],[103.3485,15.3469],[103.2884,15.2989],[103.2757,15.3188],[103.2496,15.3066],[103.2514,15.3219],[103.2185,15.3217],[103.212,15.3431],[103.1968,15.3356],[103.1874,15.3579],[103.1975,15.3622],[103.1584,15.3526],[103.1372,15.4125],[103.1171,15.4021],[103.0893,15.4198],[103.1137,15.4386],[103.1111,15.4816],[103.2118,15.461],[103.2686,15.4246],[103.3412,15.4054],[103.4334,15.4547],[103.5363,15.4284],[103.5655,15.4622],[103.6118,15.4686],[103.6712,15.4447],[103.777,15.4353],[103.8535,15.4663],[103.8593,15.4491],[103.8773,15.4688],[103.8863,15.4546],[103.8886,15.4695],[103.8977,15.4427],[103.9448,15.4392],[103.9488,15.414],[103.9756,15.4234],[103.9715,15.4076],[103.9935,15.3934],[104.004,15.4098],[104.0501,15.396],[104.0591,15.4061],[104.0716,15.3811],[104.0839,15.3845],[104.0902,15.3489],[104.0221,15.3319],[104.0149,15.2897],[103.9964,15.2958],[103.9912,15.2685],[103.9725,15.2802],[103.9976,15.2525],[103.9705,15.2185],[103.9842,15.2017],[103.9668,15.1644],[104.0003,15.1489],[103.9874,15.1293],[104.0008,15.1209],[103.9932,15.0842],[104.0206,15.079],[104.0057,15.0591],[104.0213,15.0485],[103.9931,14.9858],[103.965,14.9697],[103.9689,14.949],[103.9454,14.9427],[103.9033,14.8476],[103.9857,14.8003],[104.0074,14.7158],[104.0481,14.6751],[104.0586,14.5997],[104.0321,14.5441],[104.0352,14.4981],[104.0531,14.4948],[104.0581,14.4693],[104.0436,14.3613],[104.0569,14.344],[104.0283,14.3372],[104.006,14.3575],[103.9959,14.3451],[103.9819,14.3553],[103.951,14.3508],[103.9429,14.3301],[103.8814,14.3382],[103.8479,14.3708],[103.8284,14.3525],[103.8027,14.3565],[103.8025,14.3697],[103.7743,14.36],[103.7587,14.3775],[103.706,14.379],[103.7081,14.4327],[103.6866,14.4393],[103.6539,14.4363],[103.6414,14.4212],[103.6546,14.4098],[103.6233,14.3985],[103.6104,14.4195],[103.5791,14.4265],[103.5007,14.4009],[103.4677,14.3644],[103.4353,14.3909]]]}},{"type":"Feature","properties":{"th":"ปทุมธานี","en":"Pathum Thani"},"geometry":{"type":"Polygon","coordinates":[[[100.7073,13.9174],[100.6253,13.9366],[100.6069,13.954],[100.6082,13.9425],[100.5401,13.9558],[100.5013,13.9369],[100.4648,13.9713],[100.3648,13.9909],[100.3319,14.0565],[100.3442,14.1156],[100.3828,14.1151],[100.3831,14.133],[100.3983,14.115],[100.4815,14.1121],[100.5172,14.1294],[100.5539,14.1112],[100.6199,14.1293],[100.6311,14.1487],[100.8917,14.2755],[100.8923,14.2437],[100.9517,14.2721],[100.9467,14.2366],[100.9143,14.2212],[100.9124,13.9454],[100.7073,13.9174]]]}},{"type":"Feature","properties":{"th":"กรุงเทพมหานคร","en":"Bangkok"},"geometry":{"type":"Polygon","coordinates":[[[100.5213,13.6797],[100.5209,13.6054],[100.4945,13.5878],[100.4547,13.6053],[100.4465,13.5863],[100.4579,13.487],[100.4107,13.4915],[100.4071,13.5353],[100.4193,13.5465],[100.394,13.5567],[100.3774,13.6208],[100.3392,13.6556],[100.3279,13.8042],[100.4661,13.7888],[100.4942,13.7983],[100.5434,13.85],[100.5766,13.9546],[100.6902,13.9304],[100.6876,13.9176],[100.9124,13.9454],[100.9046,13.8485],[100.938,13.8146],[100.8557,13.7004],[100.7097,13.7179],[100.6976,13.6547],[100.6557,13.6723],[100.6479,13.6519],[100.5793,13.6683],[100.5879,13.6909],[100.555,13.7059],[100.5499,13.6758],[100.5213,13.6797]]]}},{"type":"Feature","properties":{"th":"ศรีสะเกษ","en":"Sisaket"},"geometry":{"type":"Polygon","coordinates":[[[104.7967,14.8105],[104.8769,14.699],[104.8895,14.6511],[104.8507,14.6596],[104.8264,14.6066],[104.8163,14.5515],[104.8625,14.4975],[104.8288,14.4407],[104.8401,14.426],[104.8761,14.4369],[104.907,14.3995],[104.8717,14.4178],[104.8417,14.4035],[104.8053,14.4376],[104.7243,14.4025],[104.7088,14.4332],[104.6793,14.3904],[104.6464,14.4237],[104.5798,14.3743],[104.5786,14.3574],[104.5347,14.3543],[104.5009,14.3754],[104.4646,14.3449],[104.4598,14.3613],[104.415,14.3715],[104.3334,14.3689],[104.2768,14.4084],[104.231,14.3705],[104.1859,14.3844],[104.1693,14.3573],[104.1412,14.3552],[104.1372,14.3733],[104.1079,14.3784],[104.0878,14.3477],[104.0569,14.344],[104.0436,14.3613],[104.0581,14.4693],[104.0531,14.4948],[104.0352,14.4981],[104.0321,14.5441],[104.0586,14.5997],[104.0481,14.6751],[104.0074,14.7158],[103.9857,14.8003],[103.9033,14.8476],[103.9454,14.9427],[103.9689,14.949],[103.965,14.9697],[103.9931,14.9858],[104.0213,15.0485],[104.0057,15.0591],[104.0206,15.079],[103.9932,15.0842],[104.0008,15.1209],[103.9874,15.1293],[104.0003,15.1489],[103.9668,15.1644],[103.9842,15.2017],[103.9705,15.2185],[103.9976,15.2525],[103.9725,15.2802],[103.9982,15.273],[103.9964,15.2958],[104.0149,15.2897],[104.0102,15.3168],[104.0286,15.3184],[104.0221,15.3319],[104.0922,15.3581],[104.0591,15.4061],[104.0501,15.396],[104.004,15.4098],[103.9935,15.3934],[103.9955,15.4469],[104.0327,15.4905],[104.0616,15.5003],[104.0553,15.5154],[104.0853,15.5505],[104.1046,15.548],[104.0992,15.5675],[104.1214,15.5633],[104.1328,15.5142],[104.1732,15.4628],[104.1882,15.4676],[104.2453,15.374],[104.3049,15.342],[104.3536,15.3445],[104.3816,15.2945],[104.5229,15.2529],[104.5792,15.253],[104.6061,15.2739],[104.6091,15.2591],[104.6451,15.2549],[104.6821,15.2012],[104.7039,15.2007],[104.7029,15.1853],[104.7148,15.1954],[104.7004,15.1571],[104.7236,15.1707],[104.7371,15.1623],[104.6795,15.1229],[104.6707,15.0987],[104.6894,15.0991],[104.6765,15.0856],[104.6926,15.0837],[104.6864,15.0429],[104.6698,15.0324],[104.6845,14.951],[104.6999,14.9352],[104.7363,14.9391],[104.778,14.8988],[104.8055,14.8969],[104.8255,14.8378],[104.7967,14.8105]]]}},{"type":"Feature","properties":{"th":"สมุทรปราการ","en":"Samut Prakan"},"geometry":{"type":"Polygon","coordinates":[[[100.5904,13.543],[100.5581,13.5063],[100.4578,13.4871],[100.4445,13.553],[100.4524,13.6016],[100.4945,13.5878],[100.5209,13.6054],[100.5169,13.6724],[100.5464,13.6716],[100.555,13.7059],[100.5879,13.6909],[100.5793,13.6683],[100.6479,13.6519],[100.6557,13.6723],[100.6931,13.6511],[100.7097,13.7179],[100.7879,13.7164],[100.9555,13.6628],[100.9627,13.6449],[100.907,13.5917],[100.9149,13.5713],[100.9037,13.5547],[100.8902,13.5646],[100.8718,13.4906],[100.8479,13.4781],[100.6318,13.5214],[100.5904,13.543]]]}},{"type":"Feature","properties":{"th":"เพชรบุรี","en":"Phetchaburi"},"geometry":{"type":"Polygon","coordinates":[[[99.8376,12.6316],[99.7169,12.6003],[99.6805,12.6354],[99.6224,12.6452],[99.6282,12.5994],[99.6159,12.582],[99.5873,12.5679],[99.5367,12.5811],[99.5215,12.5615],[99.4986,12.5742],[99.4969,12.5936],[99.4388,12.5832],[99.4115,12.616],[99.3793,12.6154],[99.3387,12.6614],[99.2953,12.6776],[99.29,12.7157],[99.2703,12.7293],[99.2444,12.72],[99.2275,12.7441],[99.2227,12.8237],[99.1861,12.8503],[99.1827,12.911],[99.1629,12.9278],[99.1951,12.9567],[99.1948,12.9911],[99.125,13.0381],[99.0994,13.0773],[99.1313,13.0979],[99.1235,13.1947],[99.1557,13.2085],[99.183,13.1922],[99.2279,13.2027],[99.2714,13.149],[99.323,13.1758],[99.3193,13.212],[99.3499,13.2433],[99.4417,13.184],[99.4786,13.1999],[99.5063,13.1803],[99.52,13.2088],[99.6374,13.2022],[99.661,13.2118],[99.6659,13.2849],[99.7583,13.3429],[99.8561,13.3276],[99.86,13.2442],[99.8896,13.2417],[99.8801,13.257],[99.9093,13.2658],[99.9055,13.2807],[99.9531,13.2975],[99.9435,13.2688],[100.0137,13.1881],[100.07,13.1526],[100.0639,13.0888],[100.1023,13.0552],[100.0375,12.9542],[99.9657,12.7396],[99.9556,12.6329],[99.9227,12.6245],[99.9049,12.6364],[99.8833,12.6199],[99.8376,12.6316]]]}},{"type":"Feature","properties":{"th":"ประจวบคีรีขันธ์","en":"Prachuap Khiri Khan"},"geometry":{"type":"Polygon","coordinates":[[[99.4864,11.1251],[99.5023,10.9913],[99.4705,10.9933],[99.407,10.9556],[99.3459,10.9756],[99.2803,10.9578],[99.1489,11.0141],[99.1801,11.0598],[99.1789,11.082],[99.2274,11.1117],[99.2246,11.1421],[99.2628,11.2005],[99.2862,11.1907],[99.3074,11.2177],[99.2958,11.2484],[99.3263,11.2873],[99.312,11.3176],[99.4014,11.3888],[99.3944,11.4613],[99.4584,11.4913],[99.4484,11.5086],[99.4739,11.5325],[99.4578,11.5832],[99.4668,11.6137],[99.502,11.6348],[99.5657,11.6264],[99.5877,11.6879],[99.6364,11.7276],[99.64,11.7888],[99.6649,11.8231],[99.6214,11.8331],[99.6252,11.8501],[99.6001,11.8789],[99.5883,11.8728],[99.5797,11.9437],[99.5933,11.9557],[99.5923,11.993],[99.5363,12.0178],[99.5337,12.0661],[99.5706,12.1454],[99.5155,12.1484],[99.4732,12.132],[99.4962,12.1971],[99.4713,12.2362],[99.4841,12.2734],[99.4616,12.2861],[99.4339,12.3431],[99.4465,12.4066],[99.4254,12.4479],[99.4018,12.4598],[99.4254,12.4912],[99.4281,12.5787],[99.4969,12.5936],[99.4986,12.5742],[99.5215,12.5615],[99.5367,12.5811],[99.5873,12.5679],[99.6282,12.5994],[99.6224,12.6452],[99.6805,12.6354],[99.7169,12.6003],[99.8168,12.631],[99.8833,12.6199],[99.9049,12.6364],[99.9227,12.6245],[99.9556,12.6329],[99.9652,12.5505],[99.985,12.514],[99.98,12.4296],[100.0014,12.3768],[100.0023,12.3356],[99.9746,12.2636],[100.0197,12.191],[99.9663,12.1411],[99.9619,12.0869],[99.8603,11.993],[99.8275,11.9315],[99.8117,11.8793],[99.8348,11.8438],[99.8312,11.8289],[99.8158,11.8389],[99.7992,11.8177],[99.8184,11.785],[99.795,11.7671],[99.8104,11.7378],[99.7903,11.7453],[99.746,11.7066],[99.6569,11.5591],[99.5804,11.3576],[99.5579,11.3324],[99.5529,11.2519],[99.5782,11.1951],[99.5661,11.1837],[99.5423,11.2079],[99.4954,11.1625],[99.4864,11.1251]]]}},{"type":"Feature","properties":{"th":"อุดรธานี","en":"Udon Thani"},"geometry":{"type":"Polygon","coordinates":[[[103.0984,16.913],[102.9753,16.848],[102.9179,16.835],[102.8726,16.8811],[102.8243,16.8621],[102.809,16.9153],[102.8209,16.9387],[102.8042,16.9567],[102.8254,16.9713],[102.7872,17.0156],[102.7223,17.0498],[102.7082,17.0867],[102.6796,17.0505],[102.6694,16.9937],[102.5438,17.0672],[102.5069,17.1392],[102.5206,17.1511],[102.5036,17.1951],[102.5218,17.2253],[102.5419,17.2171],[102.5929,17.2655],[102.5366,17.2583],[102.5033,17.286],[102.4395,17.2805],[102.4378,17.3394],[102.3323,17.5546],[102.3182,17.6788],[102.2868,17.6737],[102.2966,17.6622],[102.1602,17.6662],[102.121,17.6331],[102.1042,17.647],[102.0828,17.635],[102.0593,17.6571],[102.0371,17.6502],[102.0171,17.7478],[102.0299,17.786],[102.0459,17.7897],[102.0367,17.8064],[102.0514,17.8698],[102.0178,17.9828],[102.0424,17.9893],[102.0552,18.0861],[102.0957,18.0855],[102.1128,18.0535],[102.1045,18.0287],[102.1434,18.0351],[102.1525,17.9904],[102.1742,18.0188],[102.2053,18.0225],[102.2053,18.0076],[102.2723,17.9818],[102.2844,17.9915],[102.3086,17.9466],[102.3893,17.894],[102.4005,17.8435],[102.4412,17.8197],[102.4288,17.7955],[102.4402,17.768],[102.4681,17.7525],[102.5327,17.7599],[102.6149,17.686],[102.5976,17.6787],[102.5956,17.6223],[102.6462,17.6115],[102.6482,17.5927],[102.6949,17.6204],[102.7314,17.6034],[102.763,17.6241],[102.7833,17.6809],[102.8297,17.6933],[102.8505,17.7282],[102.8539,17.7767],[102.8258,17.8134],[102.8675,17.8441],[102.8683,17.8804],[102.8844,17.8981],[102.9372,17.884],[102.9692,17.8233],[103.0047,17.842],[103.0135,17.8756],[103.0387,17.8769],[103.0395,17.8928],[103.0524,17.8791],[103.078,17.8852],[103.1008,17.8565],[103.1146,17.8608],[103.1499,17.8031],[103.167,17.8083],[103.1917,17.8717],[103.2411,17.8863],[103.2952,17.8281],[103.3294,17.8242],[103.3403,17.852],[103.39,17.8703],[103.3953,17.9007],[103.4133,17.9007],[103.4173,17.8796],[103.3945,17.855],[103.4227,17.8413],[103.3809,17.8398],[103.3905,17.8298],[103.3682,17.7935],[103.4107,17.7288],[103.3974,17.6171],[103.4095,17.599],[103.3367,17.5763],[103.3169,17.5237],[103.2881,17.5],[103.2759,17.4359],[103.3018,17.3944],[103.2527,17.3143],[103.2812,17.2672],[103.3514,17.2554],[103.3612,17.2365],[103.4169,17.213],[103.4513,17.213],[103.4702,17.23],[103.5685,17.1568],[103.5994,17.1691],[103.638,17.1124],[103.6671,17.1058],[103.6548,17.0763],[103.6612,17.0207],[103.6476,17.0227],[103.6517,17.0485],[103.62,17.0924],[103.5788,17.102],[103.5478,17.0888],[103.5067,17.0443],[103.5196,16.999],[103.4936,16.9699],[103.4914,16.9043],[103.4212,16.8016],[103.3948,16.8947],[103.351,16.9213],[103.2874,16.9265],[103.2534,16.9616],[103.2192,16.968],[103.1989,16.9494],[103.1598,16.9466],[103.1175,16.9615],[103.0984,16.913]]]}},{"type":"Feature","properties":{"th":"เลย","en":"Loei"},"geometry":{"type":"Polygon","coordinates":[[[101.9488,16.8411],[101.7632,16.756],[101.7187,16.7588],[101.687,16.7986],[101.7215,16.8068],[101.6766,16.8668],[101.6917,16.9361],[101.678,16.9398],[101.6501,17.0415],[101.6289,17.0455],[101.6076,16.999],[101.5752,16.9836],[101.5332,17.0234],[101.5043,17.0102],[101.4512,17.1421],[101.3976,17.178],[101.3523,17.1679],[101.2789,17.0977],[101.2433,17.1088],[101.2219,17.0597],[101.1879,17.0647],[101.1694,17.0387],[101.1162,17.0195],[101.1068,16.9073],[101.0668,16.9021],[101.0717,16.9237],[101.0285,16.9445],[101.0521,16.953],[101.0519,17.1152],[101.0707,17.1154],[101.0815,17.1898],[101.1094,17.2344],[101.0833,17.2798],[101.05,17.284],[101.0065,17.3341],[100.9141,17.3425],[100.9161,17.4517],[100.8945,17.4654],[100.8562,17.451],[100.8336,17.4813],[100.8727,17.5289],[100.8678,17.567],[100.9031,17.5933],[100.9278,17.5695],[101.0234,17.5575],[101.0611,17.5123],[101.1024,17.5086],[101.0939,17.4959],[101.1135,17.4782],[101.164,17.4692],[101.1627,17.4913],[101.1835,17.5025],[101.1765,17.5253],[101.2302,17.5372],[101.2594,17.5981],[101.3108,17.6371],[101.3062,17.651],[101.346,17.6592],[101.3818,17.698],[101.4009,17.6825],[101.4307,17.7157],[101.3979,17.7307],[101.4462,17.7288],[101.4837,17.7598],[101.4753,17.7484],[101.4904,17.7461],[101.4904,17.724],[101.522,17.7768],[101.5741,17.7851],[101.5517,17.8204],[101.5743,17.8696],[101.593,17.8496],[101.6163,17.8936],[101.6932,17.9125],[101.71,17.9025],[101.7323,17.922],[101.7284,17.9481],[101.7785,18.0656],[101.9003,18.0284],[101.9534,18.1033],[102.0273,18.151],[102.0462,18.1993],[102.0865,18.2196],[102.1056,18.2132],[102.1012,18.1622],[102.0685,18.144],[102.0424,17.9893],[102.0178,17.9828],[102.0517,17.8487],[102.0367,17.8064],[102.0459,17.7897],[102.0299,17.786],[102.0171,17.7478],[102.0311,17.6596],[102.0777,17.6468],[102.1344,17.5595],[102.1393,17.5228],[102.1286,17.4922],[102.0917,17.4643],[102.0521,17.4495],[101.9919,17.4595],[101.9849,17.4149],[102.0179,17.374],[102.0206,17.3412],[101.9861,17.3233],[102.0148,17.2795],[102.0527,17.2516],[102.0695,17.2571],[102.0999,17.1805],[102.0819,17.1702],[102.0377,17.2208],[102.0174,17.2021],[102.0449,17.165],[102.0164,17.1399],[102.0914,17.1108],[102.108,17.0614],[102.1535,17.0274],[102.1254,16.9913],[102.0299,16.9505],[102.0457,16.9072],[102.0694,16.8891],[102.056,16.8675],[102.04,16.8582],[102.0103,16.8701],[101.9916,16.8396],[101.9443,16.8531],[101.9488,16.8411]]]}},{"type":"Feature","properties":{"th":"ชลบุรี","en":"Chonburi"},"geometry":{"type":"MultiPolygon","coordinates":[[[[100.9703,12.5232],[100.9741,12.5131],[100.9661,12.521],[100.9703,12.5232]]],[[[100.9537,12.5297],[100.9598,12.5176],[100.9575,12.5079],[100.9516,12.5148],[100.9537,12.5297]]],[[[100.971,12.5474],[100.971,12.5511],[100.9721,12.5483],[100.971,12.5474]]],[[[100.9357,12.5732],[100.9309,12.5722],[100.9345,12.5761],[100.9357,12.5732]]],[[[100.9421,12.5804],[100.9631,12.5611],[100.9524,12.5496],[100.9421,12.5804]]],[[[100.967,12.5853],[100.9594,12.5823],[100.9626,12.5909],[100.967,12.5853]]],[[[100.7645,12.7026],[100.8022,12.7172],[100.806,12.6964],[100.7801,12.671],[100.7645,12.7026]]],[[[100.7989,12.7248],[100.797,12.7294],[100.7991,12.728],[100.7989,12.7248]]],[[[100.8488,12.7616],[100.8382,12.7605],[100.8462,12.7632],[100.8488,12.7616]]],[[[100.7896,12.9365],[100.7816,12.9026],[100.7743,12.8977],[100.7705,12.9279],[100.7896,12.9365]]],[[[100.8062,12.9255],[100.8043,12.9299],[100.8067,12.9277],[100.8062,12.9255]]],[[[100.7898,12.9444],[100.7943,12.9437],[100.7898,12.941],[100.7898,12.9444]]],[[[100.8086,13.1783],[100.8201,13.1502],[100.8098,13.1249],[100.7982,13.1632],[100.8086,13.1783]]],[[[100.9205,13.1729],[100.9195,13.1733],[100.9203,13.1748],[100.9205,13.1729]]],[[[100.9176,12.601],[100.9159,12.6024],[100.9172,12.6057],[100.9176,12.601]]],[[[100.877,12.6102],[100.8743,12.6124],[100.8754,12.6148],[100.877,12.6102]]],[[[100.8794,12.618],[100.8839,12.6164],[100.8795,12.6145],[100.8794,12.618]]],[[[100.9177,12.6154],[100.9172,12.6161],[100.9179,12.6171],[100.9177,12.6154]]],[[[100.9013,12.6222],[100.8994,12.6227],[100.8996,12.6265],[100.9013,12.6222]]],[[[100.8635,12.6397],[100.8777,12.6362],[100.8681,12.6282],[100.8635,12.6397]]],[[[100.8971,12.6443],[100.8963,12.645],[100.898,12.6472],[100.8971,12.6443]]],[[[100.8249,12.6728],[100.8216,12.6739],[100.8214,12.679],[100.8249,12.6728]]],[[[100.8924,12.6446],[100.8908,12.6413],[100.8776,12.6448],[100.8924,12.6446]]],[[[100.8893,12.6107],[100.8888,12.611],[100.8887,12.6119],[100.8893,12.6107]]],[[[100.9694,12.6462],[100.9635,12.5945],[100.9259,12.6051],[100.9139,12.6242],[100.9302,12.6453],[100.9151,12.6593],[100.8501,12.6492],[100.8618,12.6678],[100.8403,12.683],[100.8572,12.6946],[100.8379,12.6971],[100.8337,12.7131],[100.8404,12.7525],[100.8695,12.7694],[100.8883,12.7632],[100.9129,12.8151],[100.8564,12.9102],[100.8617,12.93],[100.8826,12.9354],[100.883,12.9701],[100.9103,12.9766],[100.9279,13.0077],[100.9012,13.0624],[100.8852,13.0596],[100.8951,13.0708],[100.8827,13.0639],[100.8873,13.0761],[100.8713,13.0779],[100.9363,13.2034],[100.9217,13.2729],[100.8976,13.3018],[100.9262,13.3409],[100.9714,13.3495],[100.9826,13.3658],[100.9739,13.4733],[101.0058,13.4594],[101.0389,13.4789],[101.0704,13.5179],[101.0464,13.5596],[101.1215,13.5614],[101.1422,13.5896],[101.2675,13.5681],[101.361,13.4635],[101.4052,13.4726],[101.401,13.4502],[101.4332,13.4488],[101.4679,13.4246],[101.49,13.4439],[101.5015,13.41],[101.5322,13.4251],[101.5642,13.3313],[101.6678,13.2728],[101.7128,13.2057],[101.7139,13.1641],[101.6953,13.1459],[101.6574,13.1635],[101.5912,13.1361],[101.5742,13.0872],[101.4685,13.0509],[101.4719,13.0305],[101.4354,13.0518],[101.417,13.0268],[101.3947,13.0239],[101.3243,13.0857],[101.2913,13.0572],[101.2597,13.0748],[101.2401,13.0641],[101.2098,13.0755],[101.1882,13.0384],[101.1583,13.0472],[101.1729,13.0103],[101.1571,13.0157],[101.1552,13.0018],[101.087,13.0306],[101.0667,13.0078],[101.0852,13.0054],[101.1037,12.9725],[101.0865,12.912],[101.0637,12.8351],[101.0134,12.7869],[100.9853,12.6951],[100.9931,12.6561],[100.9694,12.6462]]]]}},{"type":"Feature","properties":{"th":"ขอนแก่น","en":"Khon Kaen"},"geometry":{"type":"Polygon","coordinates":[[[102.8487,15.6363],[102.7769,15.6341],[102.7473,15.6713],[102.7167,15.666],[102.6791,15.7283],[102.6388,15.7153],[102.6097,15.7284],[102.5558,15.704],[102.5132,15.728],[102.4205,15.6956],[102.3612,15.7303],[102.3627,15.7675],[102.3279,15.8037],[102.3158,15.8471],[102.3747,15.9464],[102.3669,15.9652],[102.3848,15.9973],[102.3552,16.0052],[102.3439,16.0353],[102.3023,16.0391],[102.2803,16.0759],[102.4144,16.2513],[102.4594,16.3942],[102.4129,16.4285],[102.4028,16.466],[102.3982,16.4469],[102.3732,16.4364],[102.3646,16.4529],[102.3004,16.4452],[102.2552,16.4612],[102.2059,16.5033],[102.0678,16.4938],[102.0729,16.5028],[102.03,16.5254],[102.0236,16.5587],[101.9889,16.5665],[101.9924,16.5847],[101.9556,16.6309],[101.9054,16.6283],[101.8292,16.6577],[101.7744,16.6287],[101.7783,16.647],[101.7539,16.6523],[101.7516,16.6775],[101.7916,16.7267],[101.7879,16.7643],[101.9049,16.8144],[101.9488,16.8411],[101.9443,16.8531],[101.9916,16.8396],[102.0103,16.8701],[102.04,16.8582],[102.0626,16.8868],[102.0993,16.882],[102.1047,16.8973],[102.1877,16.858],[102.2153,16.8583],[102.2546,16.8948],[102.2961,16.8909],[102.3246,16.8674],[102.316,16.855],[102.3303,16.8552],[102.3465,16.8172],[102.3506,16.8303],[102.4205,16.7952],[102.4454,16.7919],[102.4536,16.8109],[102.6108,16.7713],[102.6244,16.8436],[102.6795,16.968],[102.6694,16.9937],[102.6996,17.087],[102.7223,17.0498],[102.7872,17.0156],[102.8254,16.9713],[102.8042,16.9567],[102.8209,16.9387],[102.809,16.9153],[102.8243,16.8621],[102.8726,16.8811],[102.9179,16.835],[102.9489,16.8401],[103.0984,16.913],[103.1237,16.8964],[103.1019,16.8397],[103.1139,16.8181],[103.1377,16.8308],[103.136,16.8703],[103.1733,16.8638],[103.1799,16.7864],[103.1465,16.746],[103.1587,16.7326],[103.1458,16.701],[103.1581,16.6699],[103.1515,16.6082],[103.121,16.5925],[103.0798,16.5099],[103.0398,16.4907],[103.0316,16.5004],[103.0166,16.4738],[102.9531,16.4518],[102.9724,16.4198],[102.9588,16.4255],[102.9492,16.3887],[102.8955,16.35],[102.8936,16.3155],[102.8462,16.2728],[102.8584,16.1637],[102.846,16.1476],[102.8685,16.127],[102.8483,16.0719],[102.8595,16.0402],[102.8954,16.0533],[102.8833,16.0145],[102.9055,15.9735],[102.8906,15.9371],[102.9098,15.9247],[102.9061,15.8966],[102.9304,15.8858],[102.9192,15.8222],[102.9319,15.8148],[102.9305,15.7962],[102.8833,15.7761],[102.8687,15.6943],[102.8858,15.673],[102.8487,15.6363]]]}},{"type":"Feature","properties":{"th":"ระนอง","en":"Ranong"},"geometry":{"type":"MultiPolygon","coordinates":[[[[98.3278,9.456],[98.326,9.455],[98.3256,9.4592],[98.3278,9.456]]],[[[98.3926,9.3997],[98.3914,9.4009],[98.3917,9.4015],[98.3926,9.3997]]],[[[98.3559,9.4372],[98.3496,9.433],[98.3497,9.4385],[98.3559,9.4372]]],[[[98.5302,9.3451],[98.5058,9.3094],[98.48,9.3047],[98.4708,9.3219],[98.4557,9.3164],[98.4693,9.3295],[98.4388,9.3406],[98.4043,9.3506],[98.3898,9.3328],[98.3972,9.4033],[98.4064,9.397],[98.4264,9.4263],[98.4554,9.5632],[98.4692,9.5632],[98.4622,9.4926],[98.4749,9.4559],[98.4697,9.4848],[98.4865,9.5371],[98.4967,9.5126],[98.4803,9.4959],[98.4832,9.4763],[98.4993,9.514],[98.4903,9.5651],[98.5468,9.573],[98.4646,9.603],[98.4633,9.6291],[98.4796,9.6345],[98.4969,9.616],[98.5181,9.6206],[98.5161,9.6343],[98.5003,9.6309],[98.5245,9.655],[98.4982,9.6524],[98.4846,9.6861],[98.5353,9.6778],[98.5572,9.7292],[98.558,9.7532],[98.5003,9.7407],[98.5127,9.7537],[98.5068,9.7837],[98.5489,9.7915],[98.5658,9.8178],[98.5354,9.8009],[98.5153,9.8534],[98.5348,9.8591],[98.5378,9.8858],[98.5567,9.8747],[98.5756,9.9073],[98.5679,9.9272],[98.596,9.9341],[98.592,9.9757],[98.6539,10.0887],[98.633,10.0886],[98.6392,10.1314],[98.6972,10.2073],[98.7544,10.3905],[98.8095,10.4727],[98.8001,10.484],[98.8211,10.5299],[98.7985,10.56],[98.8107,10.5926],[98.781,10.6014],[98.7711,10.6217],[98.7797,10.6795],[98.8788,10.7889],[98.9142,10.7475],[98.894,10.682],[98.9059,10.6909],[98.9299,10.6726],[98.9282,10.6484],[98.9507,10.6373],[98.9446,10.6122],[98.9648,10.6042],[98.9413,10.5695],[98.9619,10.5394],[98.8948,10.4835],[98.8843,10.4578],[98.9015,10.3979],[98.928,10.3958],[98.9431,10.3518],[98.9,10.2894],[98.9077,10.2649],[98.871,10.1857],[98.889,10.161],[98.8693,10.1535],[98.8629,10.0951],[98.8355,10.0662],[98.893,10.0646],[98.9043,10.0261],[98.8652,9.9934],[98.8444,9.9939],[98.8142,9.9367],[98.7809,9.951],[98.7542,9.9319],[98.7213,9.8934],[98.7215,9.8678],[98.6296,9.779],[98.6394,9.7136],[98.6596,9.684],[98.6467,9.6635],[98.7217,9.6285],[98.7675,9.5451],[98.6947,9.4697],[98.6653,9.4604],[98.6807,9.4346],[98.6626,9.4201],[98.6482,9.4282],[98.6481,9.3875],[98.6721,9.388],[98.6586,9.347],[98.6343,9.3566],[98.6103,9.3422],[98.5862,9.3679],[98.5302,9.3451]]],[[[98.3838,9.4847],[98.3722,9.4785],[98.371,9.4944],[98.3838,9.4847]]],[[[98.3524,9.4913],[98.3311,9.469],[98.3542,9.508],[98.3524,9.4913]]],[[[98.3737,9.4991],[98.3734,9.501],[98.3742,9.5004],[98.3737,9.4991]]],[[[98.3682,9.4995],[98.3675,9.5009],[98.3696,9.5024],[98.3682,9.4995]]],[[[98.3605,9.5129],[98.3547,9.5112],[98.3566,9.5184],[98.3605,9.5129]]],[[[98.386,9.5721],[98.3813,9.5646],[98.383,9.5723],[98.386,9.5721]]],[[[98.4692,9.5933],[98.4676,9.5947],[98.4684,9.5971],[98.4692,9.5933]]],[[[98.4854,9.5427],[98.4783,9.5447],[98.4812,9.5516],[98.4854,9.5427]]],[[[98.5201,9.5728],[98.5114,9.5738],[98.5263,9.5745],[98.5201,9.5728]]],[[[98.472,9.5795],[98.4887,9.5781],[98.4868,9.5731],[98.472,9.5795]]],[[[98.4671,9.5926],[98.4702,9.5769],[98.4651,9.5732],[98.4671,9.5926]]],[[[98.4194,9.7178],[98.4262,9.7166],[98.4241,9.7136],[98.4194,9.7178]]],[[[98.415,9.7708],[98.4274,9.7348],[98.3899,9.7046],[98.3979,9.7196],[98.3796,9.7329],[98.415,9.7708]]],[[[98.4424,9.8761],[98.4413,9.879],[98.4434,9.8774],[98.4424,9.8761]]],[[[98.5087,9.9044],[98.5167,9.9014],[98.5073,9.9005],[98.5087,9.9044]]],[[[98.4761,9.7776],[98.4759,9.7792],[98.478,9.7804],[98.4761,9.7776]]],[[[98.4461,9.7788],[98.4448,9.7828],[98.4491,9.7868],[98.4461,9.7788]]],[[[98.45,9.874],[98.4708,9.8569],[98.4523,9.7903],[98.4311,9.8291],[98.45,9.874]]],[[[98.4738,9.8647],[98.4692,9.8635],[98.4715,9.8704],[98.4738,9.8647]]],[[[98.4747,9.9111],[98.4862,9.9008],[98.4673,9.8919],[98.4747,9.9111]]],[[[98.5265,9.913],[98.5249,9.9144],[98.5258,9.9159],[98.5265,9.913]]],[[[98.5142,9.9243],[98.5128,9.9267],[98.5152,9.9258],[98.5142,9.9243]]],[[[98.4856,9.9329],[98.4802,9.928],[98.4793,9.9327],[98.4856,9.9329]]],[[[98.5132,9.9204],[98.5181,9.9137],[98.5074,9.907],[98.5132,9.9204]]],[[[98.5357,9.9174],[98.5339,9.9193],[98.5359,9.9221],[98.5357,9.9174]]],[[[98.5025,9.71],[98.5079,9.694],[98.4972,9.7063],[98.5025,9.71]]],[[[98.4865,9.7318],[98.4835,9.7354],[98.4853,9.7393],[98.4865,9.7318]]],[[[98.4616,9.7648],[98.4591,9.7668],[98.4663,9.7743],[98.4616,9.7648]]]]}},{"type":"Feature","properties":{"th":"ชุมพร","en":"Chumphon"},"geometry":{"type":"MultiPolygon","coordinates":[[[[99.1904,10.0509],[99.1819,10.049],[99.1874,10.058],[99.1904,10.0509]]],[[[99.1858,10.0708],[99.1818,10.0693],[99.1839,10.0722],[99.1858,10.0708]]],[[[99.216,10.1173],[99.2154,10.1175],[99.2158,10.1186],[99.216,10.1173]]],[[[99.2188,10.1533],[99.2171,10.1531],[99.2182,10.1574],[99.2188,10.1533]]],[[[99.2211,10.1962],[99.2206,10.1968],[99.2214,10.1973],[99.2211,10.1962]]],[[[99.1399,9.8263],[99.1564,9.6968],[99.052,9.7074],[99.034,9.6933],[99.0103,9.6992],[98.9823,9.6711],[98.9404,9.6865],[98.9099,9.7232],[98.8645,9.7273],[98.8441,9.7035],[98.7683,9.6866],[98.7658,9.6283],[98.7388,9.6007],[98.7217,9.6285],[98.6467,9.6635],[98.6596,9.684],[98.6267,9.7644],[98.6353,9.7893],[98.6928,9.8332],[98.7542,9.9319],[98.7809,9.951],[98.8142,9.9367],[98.8444,9.9939],[98.8652,9.9934],[98.9043,10.0261],[98.893,10.0646],[98.8355,10.0662],[98.8629,10.0951],[98.8693,10.1535],[98.889,10.161],[98.871,10.1857],[98.9077,10.2649],[98.9,10.2894],[98.9431,10.3518],[98.928,10.3958],[98.9015,10.3979],[98.8843,10.4578],[98.8948,10.4835],[98.9619,10.5394],[98.9413,10.5695],[98.9648,10.6042],[98.9446,10.6122],[98.9507,10.6373],[98.9282,10.6484],[98.9299,10.6726],[98.9059,10.6909],[98.894,10.682],[98.9142,10.7475],[98.8891,10.7742],[98.9233,10.8272],[98.9583,10.812],[99.0107,10.8567],[98.9978,10.9113],[99.0203,10.9669],[99.0573,10.9472],[99.0811,10.9554],[99.1024,11.0127],[99.1295,11.0306],[99.1507,11.0335],[99.1489,11.0141],[99.1687,11.0022],[99.2803,10.9578],[99.3459,10.9756],[99.407,10.9556],[99.4705,10.9933],[99.4967,10.9894],[99.4916,10.9351],[99.5188,10.8959],[99.5095,10.8729],[99.4979,10.8616],[99.4839,10.8895],[99.4409,10.8718],[99.4125,10.7629],[99.36,10.6943],[99.3682,10.6776],[99.3595,10.6657],[99.3475,10.6836],[99.3178,10.6687],[99.2811,10.6003],[99.2732,10.5417],[99.2414,10.54],[99.2468,10.5068],[99.2674,10.5158],[99.2308,10.4938],[99.2283,10.469],[99.2834,10.4114],[99.285,10.3663],[99.2712,10.3527],[99.2529,10.363],[99.2382,10.3439],[99.2091,10.3737],[99.1623,10.3683],[99.1467,10.3488],[99.1623,10.2788],[99.2054,10.2713],[99.2219,10.2267],[99.2468,10.2357],[99.215,10.2104],[99.1907,10.2109],[99.1482,10.1257],[99.151,10.0717],[99.1818,10.0433],[99.1753,10.0077],[99.1629,10.0135],[99.1514,9.9967],[99.1651,9.8592],[99.1399,9.8263]]],[[[99.1655,10.1305],[99.1649,10.1309],[99.1651,10.1316],[99.1655,10.1305]]],[[[99.1634,10.1326],[99.163,10.1311],[99.1625,10.1339],[99.1634,10.1326]]],[[[99.1792,10.1464],[99.18,10.1423],[99.1767,10.1409],[99.1792,10.1464]]],[[[99.2043,10.1515],[99.2046,10.1495],[99.2028,10.1509],[99.2043,10.1515]]],[[[99.1771,10.1643],[99.1761,10.1649],[99.1763,10.1654],[99.1771,10.1643]]],[[[99.2494,10.202],[99.2489,10.198],[99.2479,10.2012],[99.2494,10.202]]],[[[99.2497,10.2069],[99.2482,10.2089],[99.2497,10.2086],[99.2497,10.2069]]],[[[99.2439,10.2218],[99.2423,10.2219],[99.2422,10.2232],[99.2439,10.2218]]],[[[99.26,10.2592],[99.2555,10.2491],[99.2537,10.2587],[99.26,10.2592]]],[[[99.249,10.2462],[99.2481,10.2471],[99.249,10.2479],[99.249,10.2462]]],[[[99.2252,10.2481],[99.2217,10.2464],[99.2245,10.2504],[99.2252,10.2481]]],[[[99.227,10.2559],[99.2252,10.2535],[99.2273,10.2574],[99.227,10.2559]]],[[[99.3001,10.3172],[99.2992,10.3213],[99.3014,10.3196],[99.3001,10.3172]]],[[[99.2947,10.3475],[99.294,10.3487],[99.2954,10.3498],[99.2947,10.3475]]],[[[99.2804,10.3208],[99.2794,10.3235],[99.2831,10.329],[99.2804,10.3208]]],[[[99.2332,10.2695],[99.2323,10.2711],[99.2341,10.2737],[99.2332,10.2695]]],[[[99.2415,10.2911],[99.2413,10.2918],[99.2415,10.2918],[99.2415,10.2911]]],[[[99.2477,10.2947],[99.2458,10.2971],[99.248,10.2963],[99.2477,10.2947]]],[[[99.3233,10.3791],[99.3213,10.3729],[99.3204,10.3763],[99.3233,10.3791]]],[[[99.3573,10.4091],[99.3514,10.3964],[99.3408,10.3904],[99.3573,10.4091]]],[[[99.3131,10.4235],[99.3129,10.4244],[99.3171,10.4259],[99.3131,10.4235]]],[[[99.2979,10.4525],[99.2967,10.4344],[99.288,10.4367],[99.2979,10.4525]]],[[[99.2527,10.4467],[99.2529,10.4491],[99.254,10.4496],[99.2527,10.4467]]],[[[99.3093,10.3611],[99.3079,10.3616],[99.3107,10.3653],[99.3093,10.3611]]],[[[99.2946,10.3908],[99.2931,10.3875],[99.2925,10.3926],[99.2946,10.3908]]],[[[99.4033,10.4588],[99.4031,10.4591],[99.4034,10.4594],[99.4033,10.4588]]],[[[99.3595,10.4658],[99.3591,10.4659],[99.359,10.4673],[99.3595,10.4658]]],[[[99.3696,10.4766],[99.3691,10.477],[99.3692,10.478],[99.3696,10.4766]]],[[[99.4178,10.4853],[99.4171,10.4858],[99.4177,10.4878],[99.4178,10.4853]]],[[[99.4189,10.4921],[99.4208,10.4986],[99.4222,10.4987],[99.4189,10.4921]]],[[[99.4248,10.5048],[99.4239,10.5062],[99.4253,10.5065],[99.4248,10.5048]]],[[[99.53,10.7815],[99.5291,10.7822],[99.5299,10.7822],[99.53,10.7815]]],[[[99.3766,10.5545],[99.3814,10.5606],[99.3797,10.556],[99.3766,10.5545]]],[[[99.411,10.7048],[99.4093,10.6985],[99.4071,10.7022],[99.411,10.7048]]],[[[99.5377,10.7995],[99.5374,10.8],[99.5381,10.8004],[99.5377,10.7995]]],[[[99.4917,10.8208],[99.4905,10.822],[99.4919,10.8247],[99.4917,10.8208]]],[[[99.497,10.8391],[99.4965,10.8394],[99.4975,10.8405],[99.497,10.8391]]],[[[99.4831,10.8577],[99.4893,10.8525],[99.4696,10.8365],[99.4831,10.8577]]],[[[99.4862,10.8613],[99.4856,10.8614],[99.4858,10.8624],[99.4862,10.8613]]],[[[99.49,10.8647],[99.4875,10.8638],[99.4889,10.8661],[99.49,10.8647]]]]}},{"type":"Feature","properties":{"th":"ภูเก็ต","en":"Phuket"},"geometry":{"type":"MultiPolygon","coordinates":[[[[98.323,7.4945],[98.3141,7.4785],[98.3246,7.4981],[98.323,7.4945]]],[[[98.3334,7.5233],[98.3247,7.4994],[98.321,7.5079],[98.3334,7.5233]]],[[[98.3783,7.6105],[98.3669,7.5913],[98.3555,7.5897],[98.3625,7.6147],[98.3783,7.6105]]],[[[98.2978,7.7378],[98.2949,7.7346],[98.2955,7.7378],[98.2978,7.7378]]],[[[98.3017,7.7494],[98.3031,7.7473],[98.3003,7.7438],[98.3017,7.7494]]],[[[98.3687,7.7485],[98.3855,7.7456],[98.3579,7.7354],[98.3687,7.7485]]],[[[98.4556,7.9234],[98.4549,7.9238],[98.4558,7.9255],[98.4556,7.9234]]],[[[98.4373,7.9451],[98.4314,7.9266],[98.4171,7.9292],[98.4164,7.9432],[98.4373,7.9451]]],[[[98.4503,7.9543],[98.4453,7.9555],[98.447,7.9618],[98.4503,7.9543]]],[[[98.4516,7.964],[98.4499,7.965],[98.4524,7.9674],[98.4516,7.964]]],[[[98.4613,8.0325],[98.4608,8.0225],[98.4595,8.0316],[98.4613,8.0325]]],[[[98.4572,8.0559],[98.4716,8.0468],[98.4683,8.0385],[98.4572,8.0559]]],[[[98.4063,8.1085],[98.4,8.1045],[98.4016,8.1083],[98.4063,8.1085]]],[[[98.425,8.1145],[98.4243,8.1155],[98.4261,8.1187],[98.425,8.1145]]],[[[98.45,8.063],[98.4497,8.0569],[98.4424,8.0597],[98.45,8.063]]],[[[98.3342,7.7629],[98.3335,7.7555],[98.3277,7.7534],[98.3342,7.7629]]],[[[98.3609,7.7816],[98.3828,7.7944],[98.3894,7.7805],[98.3609,7.7816]]],[[[98.2868,7.8214],[98.2855,7.8196],[98.2842,7.82],[98.2868,7.8214]]],[[[98.4154,7.8312],[98.4161,7.8258],[98.4099,7.8275],[98.4154,7.8312]]],[[[98.4237,7.8311],[98.4217,7.8354],[98.4231,7.8372],[98.4237,7.8311]]],[[[98.3917,7.7573],[98.3915,7.7613],[98.4001,7.7662],[98.3917,7.7573]]],[[[98.3013,7.766],[98.2974,7.7656],[98.2999,7.7678],[98.3013,7.766]]],[[[98.3442,7.8211],[98.3379,7.7801],[98.3025,7.7593],[98.3063,7.7761],[98.2848,7.7886],[98.2988,7.8045],[98.2902,7.8577],[98.2609,7.8867],[98.287,7.8848],[98.2968,7.9055],[98.2582,7.9356],[98.2822,7.9529],[98.2699,7.9883],[98.2866,7.9854],[98.2929,8.0039],[98.2724,8.0384],[98.272,8.0776],[98.3018,8.1086],[98.2858,8.2001],[98.3378,8.1721],[98.3497,8.1154],[98.3661,8.1346],[98.3936,8.1191],[98.3825,8.0929],[98.3973,8.0823],[98.4267,8.1022],[98.4405,8.0935],[98.4322,8.0402],[98.4207,8.0462],[98.4104,8.0306],[98.4252,7.9876],[98.3931,7.9793],[98.3919,7.9497],[98.4263,7.8988],[98.4416,7.9156],[98.4447,7.8836],[98.4298,7.8784],[98.4371,7.8659],[98.4169,7.8791],[98.3944,7.8701],[98.4122,7.8018],[98.3854,7.8092],[98.3752,7.8408],[98.3442,7.8211]]]]}},{"type":"Feature","properties":{"th":"สุราษฎร์ธานี","en":"Surat Thani"},"geometry":{"type":"MultiPolygon","coordinates":[[[[99.9639,9.3101],[99.9603,9.3036],[99.9505,9.3123],[99.9639,9.3101]]],[[[99.6602,9.3097],[99.6589,9.3104],[99.66,9.3111],[99.6602,9.3097]]],[[[99.9812,9.3773],[99.9769,9.3678],[99.9719,9.3681],[99.9812,9.3773]]],[[[99.7199,9.3498],[99.7184,9.3504],[99.7215,9.3505],[99.7199,9.3498]]],[[[99.6825,9.3545],[99.684,9.351],[99.6796,9.3524],[99.6825,9.3545]]],[[[99.9512,9.3956],[99.9571,9.3618],[99.9293,9.3595],[99.9512,9.3956]]],[[[99.6769,9.3949],[99.6623,9.3851],[99.6724,9.4057],[99.6769,9.3949]]],[[[99.676,9.429],[99.6665,9.4299],[99.6725,9.4342],[99.676,9.429]]],[[[99.6534,9.4485],[99.6527,9.4424],[99.6499,9.4493],[99.6534,9.4485]]],[[[99.9155,9.3086],[99.9097,9.3159],[99.9154,9.3145],[99.9155,9.3086]]],[[[99.8925,9.3074],[99.8904,9.3082],[99.8905,9.3182],[99.8925,9.3074]]],[[[99.6598,9.3137],[99.6603,9.317],[99.6609,9.3155],[99.6598,9.3137]]],[[[99.7035,9.3292],[99.7029,9.3333],[99.7047,9.3316],[99.7035,9.3292]]],[[[99.6667,9.4677],[99.6811,9.4687],[99.6805,9.4634],[99.6667,9.4677]]],[[[99.6961,9.4831],[99.6991,9.4813],[99.6957,9.4811],[99.6961,9.4831]]],[[[100.0102,9.4209],[99.9288,9.418],[99.9327,9.4674],[99.9183,9.4921],[99.9321,9.4968],[99.934,9.5385],[99.9117,9.57],[99.9822,9.5876],[100.0564,9.5591],[100.065,9.5899],[100.08,9.5887],[100.0882,9.5602],[100.0549,9.5035],[100.0735,9.471],[100.0492,9.4691],[100.0102,9.4209]]],[[[100.0832,9.5365],[100.0867,9.5341],[100.0808,9.5416],[100.0832,9.5365]]],[[[99.7044,9.5113],[99.7052,9.5081],[99.7028,9.5095],[99.7044,9.5113]]],[[[99.7121,9.5218],[99.7101,9.52],[99.7105,9.5225],[99.7121,9.5218]]],[[[99.6617,9.5143],[99.6924,9.55],[99.7076,9.5466],[99.7007,9.5135],[99.6617,9.5143]]],[[[99.72,9.5908],[99.7218,9.5956],[99.7221,9.5925],[99.72,9.5908]]],[[[99.7173,9.6036],[99.7145,9.6022],[99.7167,9.6047],[99.7173,9.6036]]],[[[99.6743,9.5438],[99.6738,9.5412],[99.6721,9.5412],[99.6743,9.5438]]],[[[99.6941,9.5499],[99.6938,9.5507],[99.695,9.5515],[99.6941,9.5499]]],[[[99.665,9.5481],[99.6587,9.545],[99.6654,9.558],[99.665,9.5481]]],[[[99.6851,9.5543],[99.6824,9.5573],[99.6859,9.5559],[99.6851,9.5543]]],[[[99.6685,9.7665],[99.668,9.767],[99.6681,9.7678],[99.6685,9.7665]]],[[[99.6682,9.7691],[99.6666,9.7706],[99.6689,9.7701],[99.6682,9.7691]]],[[[99.6726,9.7726],[99.6703,9.7698],[99.671,9.7723],[99.6726,9.7726]]],[[[99.6734,9.7772],[99.6736,9.7754],[99.6709,9.7751],[99.6734,9.7772]]],[[[99.6732,9.7871],[99.6711,9.7789],[99.6718,9.79],[99.6732,9.7871]]],[[[99.714,9.7963],[99.7133,9.7962],[99.7132,9.7967],[99.714,9.7963]]],[[[99.7135,9.7987],[99.7125,9.7996],[99.7131,9.8018],[99.7135,9.7987]]],[[[99.9805,9.8022],[99.9774,9.8004],[99.9785,9.8032],[99.9805,9.8022]]],[[[99.2032,8.3671],[99.0523,8.3601],[98.9471,8.4254],[98.9358,8.5853],[98.9194,8.5929],[98.8907,8.6676],[98.7997,8.6555],[98.7955,8.6406],[98.7456,8.6727],[98.7217,8.6295],[98.6713,8.661],[98.6042,8.6266],[98.5655,8.6378],[98.5365,8.661],[98.5944,8.7123],[98.5985,8.7974],[98.5546,8.8142],[98.5358,8.8583],[98.5145,8.8603],[98.5053,8.8811],[98.4454,8.8955],[98.451,8.9665],[98.5054,8.9833],[98.5106,8.9981],[98.4879,9.0161],[98.473,9.0649],[98.4946,9.0812],[98.4805,9.1237],[98.4825,9.1488],[98.5025,9.1542],[98.4966,9.201],[98.5309,9.2561],[98.5271,9.2976],[98.5058,9.3094],[98.5118,9.3261],[98.5465,9.3613],[98.5862,9.3679],[98.6103,9.3422],[98.6343,9.3566],[98.6586,9.347],[98.6721,9.388],[98.6481,9.3875],[98.6482,9.4282],[98.6626,9.4201],[98.6807,9.4346],[98.6653,9.4604],[98.6947,9.4697],[98.7675,9.5451],[98.7581,9.5747],[98.7385,9.5816],[98.7658,9.6283],[98.7683,9.6866],[98.8441,9.7035],[98.8645,9.7273],[98.9099,9.7232],[98.9404,9.6865],[98.9823,9.6711],[99.0103,9.6992],[99.034,9.6933],[99.052,9.7074],[99.1592,9.7042],[99.2568,9.4578],[99.3126,9.389],[99.2935,9.4048],[99.2617,9.3612],[99.2188,9.339],[99.2229,9.2578],[99.2633,9.2165],[99.3171,9.2462],[99.3116,9.2212],[99.337,9.2273],[99.3387,9.207],[99.3618,9.2152],[99.3672,9.1898],[99.4114,9.2047],[99.4664,9.1982],[99.4979,9.2214],[99.5273,9.2834],[99.6075,9.2687],[99.6387,9.3004],[99.6817,9.3133],[99.681,9.3382],[99.7292,9.3124],[99.7443,9.3293],[99.7593,9.3152],[99.7691,9.3231],[99.7722,9.2623],[99.7482,9.264],[99.7541,9.2212],[99.7222,9.1566],[99.7354,9.1265],[99.7241,9.1127],[99.7717,9.0972],[99.7631,9.0715],[99.7451,9.0705],[99.723,8.9775],[99.6939,8.9742],[99.6964,8.9351],[99.5757,8.9103],[99.5598,8.851],[99.5169,8.8353],[99.5225,8.7193],[99.4922,8.6963],[99.4778,8.6466],[99.4542,8.643],[99.4555,8.6036],[99.4183,8.5703],[99.3933,8.514],[99.2595,8.4489],[99.2342,8.3976],[99.2403,8.3661],[99.2756,8.3519],[99.2922,8.3126],[99.2633,8.3019],[99.2207,8.3254],[99.2032,8.3671]]],[[[99.7132,9.6028],[99.7094,9.6107],[99.7118,9.6205],[99.7132,9.6028]]],[[[99.6619,9.6372],[99.6819,9.631],[99.6773,9.6064],[99.6619,9.6372]]],[[[99.675,9.6427],[99.6759,9.6385],[99.6734,9.6392],[99.675,9.6427]]],[[[99.6678,9.6509],[99.6757,9.6468],[99.6647,9.6611],[99.6678,9.6509]]],[[[99.6792,9.663],[99.6812,9.6514],[99.6787,9.6529],[99.6792,9.663]]],[[[99.6597,9.6619],[99.6594,9.6607],[99.6583,9.6608],[99.6597,9.6619]]],[[[99.676,9.6621],[99.6751,9.6625],[99.6768,9.665],[99.676,9.6621]]],[[[99.972,9.7062],[99.9728,9.7118],[99.9745,9.7084],[99.972,9.7062]]],[[[99.6765,9.7082],[99.6758,9.7079],[99.6762,9.7102],[99.6765,9.7082]]],[[[99.9491,9.7075],[99.9461,9.703],[99.9429,9.7058],[99.9491,9.7075]]],[[[99.6747,9.7045],[99.6742,9.7069],[99.6753,9.7059],[99.6747,9.7045]]],[[[99.6769,9.7068],[99.6754,9.7067],[99.6768,9.7075],[99.6769,9.7068]]],[[[99.6745,9.7072],[99.6744,9.7077],[99.6749,9.7079],[99.6745,9.7072]]],[[[99.6775,9.6803],[99.6758,9.6807],[99.6774,9.6813],[99.6775,9.6803]]],[[[99.6675,9.6801],[99.666,9.681],[99.6664,9.6824],[99.6675,9.6801]]],[[[99.6758,9.6863],[99.675,9.6854],[99.6739,9.6876],[99.6758,9.6863]]],[[[99.6619,9.6967],[99.6632,9.6959],[99.6618,9.6958],[99.6619,9.6967]]],[[[99.6795,9.6979],[99.6804,9.6998],[99.6807,9.6989],[99.6795,9.6979]]],[[[99.6708,9.6945],[99.6798,9.6954],[99.6736,9.6919],[99.6708,9.6945]]],[[[99.6646,9.703],[99.6644,9.701],[99.6624,9.7023],[99.6646,9.703]]],[[[100.0627,9.7866],[100.0562,9.7729],[100.0811,9.7399],[100.0772,9.6666],[99.9865,9.7097],[99.9606,9.7684],[99.9914,9.804],[100.0049,9.7871],[100.0254,9.8046],[100.0627,9.7866]]],[[[99.6656,9.6699],[99.6691,9.6655],[99.6629,9.6656],[99.6656,9.6699]]],[[[99.6806,9.6704],[99.6804,9.6737],[99.6815,9.6718],[99.6806,9.6704]]],[[[99.6638,9.6753],[99.6631,9.6763],[99.6644,9.678],[99.6638,9.6753]]],[[[99.6791,9.6765],[99.6783,9.6742],[99.676,9.6751],[99.6791,9.6765]]],[[[99.6776,9.669],[99.6766,9.6705],[99.6777,9.6721],[99.6776,9.669]]],[[[99.6696,9.6749],[99.6698,9.6718],[99.6678,9.6726],[99.6696,9.6749]]],[[[99.6599,9.6767],[99.6592,9.6771],[99.6598,9.6776],[99.6599,9.6767]]],[[[99.6832,9.6838],[99.6873,9.6816],[99.6797,9.6772],[99.6832,9.6838]]]]}},{"type":"Feature","properties":{"th":"กระบี่","en":"Krabi"},"geometry":{"type":"MultiPolygon","coordinates":[[[[99.0526,7.2048],[99.0684,7.209],[99.0591,7.1968],[99.0526,7.2048]]],[[[99.0721,7.2287],[99.0828,7.2191],[99.0614,7.2191],[99.0721,7.2287]]],[[[99.2176,7.4064],[99.1992,7.402],[99.2014,7.4352],[99.2176,7.4064]]],[[[99.117,7.5427],[99.1364,7.5351],[99.1352,7.5246],[99.117,7.5427]]],[[[99.1459,7.5603],[99.1428,7.5599],[99.1429,7.5634],[99.1459,7.5603]]],[[[99.1428,7.5729],[99.1412,7.574],[99.1406,7.5799],[99.1428,7.5729]]],[[[99.1181,7.4939],[99.1201,7.4998],[99.1221,7.4952],[99.1181,7.4939]]],[[[98.8645,7.6122],[98.8624,7.6169],[98.8651,7.6164],[98.8645,7.6122]]],[[[99.0754,7.5708],[99.1106,7.4981],[99.0985,7.4673],[99.0351,7.5646],[99.0197,7.6488],[99.0482,7.6438],[99.0589,7.6138],[99.0795,7.597],[99.0754,7.5708]]],[[[99.1484,7.5899],[99.1416,7.5881],[99.142,7.5945],[99.1484,7.5899]]],[[[99.1494,7.6088],[99.1468,7.6125],[99.1491,7.6179],[99.1494,7.6088]]],[[[99.1455,7.6156],[99.1399,7.6409],[99.1496,7.6301],[99.1455,7.6156]]],[[[99.0386,7.6841],[99.1094,7.6862],[99.1216,7.6704],[99.1197,7.5882],[99.11,7.6022],[99.0787,7.6008],[99.051,7.6476],[99.0379,7.655],[99.0386,7.6841]]],[[[98.7566,7.7876],[98.7916,7.7285],[98.7681,7.7383],[98.7689,7.7177],[98.7558,7.7323],[98.7739,7.7437],[98.7566,7.7876]]],[[[99.13,7.733],[99.1221,7.736],[99.1234,7.7427],[99.13,7.733]]],[[[99.129,7.7423],[99.1248,7.7452],[99.1253,7.7502],[99.129,7.7423]]],[[[98.9943,7.8048],[98.9967,7.7968],[98.9932,7.8013],[98.9943,7.8048]]],[[[98.9923,7.8058],[98.9878,7.8097],[98.9926,7.8084],[98.9923,7.8058]]],[[[98.7965,7.8148],[98.7929,7.8188],[98.7974,7.8206],[98.7965,7.8148]]],[[[98.7646,7.6996],[98.7709,7.6793],[98.7636,7.6732],[98.7646,7.6996]]],[[[99.1194,7.6965],[99.1124,7.715],[99.1197,7.7053],[99.1194,7.6965]]],[[[99.0338,7.8188],[99.0262,7.8364],[99.0345,7.8382],[99.0766,7.8872],[99.0836,7.9099],[99.0804,7.9184],[99.0716,7.9158],[99.0699,7.9229],[99.0644,7.9218],[99.0318,7.8856],[99.0017,7.938],[98.9719,7.9333],[98.9413,7.9903],[98.9821,7.9954],[98.9816,8.0158],[98.9712,8.0045],[98.9592,8.0253],[98.894,7.937],[98.856,8.0218],[98.8403,8.0031],[98.7986,8.0477],[98.7734,8.0416],[98.7648,8.0211],[98.74,8.0779],[98.7473,8.1147],[98.6981,8.0496],[98.6675,8.0372],[98.6631,8.1306],[98.6956,8.1447],[98.6581,8.21],[98.6231,8.2331],[98.6055,8.3163],[98.6333,8.3737],[98.6626,8.3853],[98.6429,8.4134],[98.663,8.4255],[98.6681,8.4599],[98.6481,8.4843],[98.7075,8.5972],[98.7037,8.6317],[98.7217,8.6295],[98.7456,8.6727],[98.7955,8.6406],[98.7997,8.6555],[98.8907,8.6676],[98.9194,8.5929],[98.9358,8.5853],[98.9471,8.4254],[99.0343,8.3653],[99.1517,8.361],[99.1754,8.3733],[99.2032,8.3671],[99.2091,8.3374],[99.2633,8.3019],[99.2994,8.316],[99.3358,8.2694],[99.3124,8.2351],[99.3169,8.1951],[99.2899,8.1657],[99.297,8.132],[99.386,8.1413],[99.3876,8.0649],[99.4153,8.0006],[99.3862,7.942],[99.3337,7.9286],[99.3308,7.8803],[99.2784,7.8486],[99.2874,7.8107],[99.3033,7.8092],[99.2875,7.7708],[99.3121,7.7286],[99.2962,7.6887],[99.1777,7.6128],[99.1449,7.7245],[99.1237,7.7524],[99.1038,7.7607],[99.0991,7.7716],[99.1004,7.7635],[99.1078,7.7573],[99.115,7.7527],[99.1106,7.7276],[99.1083,7.7397],[99.1019,7.7484],[99.1023,7.6966],[99.0673,7.6947],[99.0469,7.7249],[99.0628,7.6995],[99.0421,7.6999],[99.0196,7.7652],[99.0496,7.7674],[99.022,7.7809],[99.0307,7.7972],[99.0169,7.8231],[99.0338,7.8188]]],[[[98.7712,7.8132],[98.772,7.8224],[98.7748,7.8223],[98.7712,7.8132]]],[[[99.0648,7.9186],[99.0799,7.9024],[99.0636,7.8752],[99.0648,7.9186]]],[[[98.8091,7.9684],[98.8051,7.9726],[98.814,7.974],[98.8091,7.9684]]],[[[98.8079,7.9499],[98.8029,7.9543],[98.8094,7.9584],[98.8079,7.9499]]],[[[99.0157,7.835],[99.0216,7.8314],[99.0147,7.8305],[99.0157,7.835]]],[[[99.0444,7.8666],[99.0428,7.8705],[99.0493,7.8694],[99.0444,7.8666]]],[[[99.0474,7.8795],[99.0457,7.877],[99.0395,7.8789],[99.0474,7.8795]]],[[[98.9669,7.853],[98.9917,7.7968],[98.9867,7.7834],[98.9349,7.8389],[98.9392,7.8544],[98.9669,7.853]]],[[[98.9935,7.8191],[98.9813,7.8303],[98.9908,7.8436],[98.9935,7.8191]]],[[[98.9835,7.8442],[98.9798,7.8476],[98.9835,7.8496],[98.9835,7.8442]]],[[[99.0057,7.8825],[99.0381,7.8547],[99.0179,7.8369],[99.0057,7.8825]]],[[[98.9909,7.8503],[98.9703,7.9068],[98.9726,7.9265],[98.991,7.9245],[98.9984,7.9014],[98.9909,7.8503]]],[[[99.0534,7.8827],[99.0444,7.8833],[99.0565,7.8948],[99.0534,7.8827]]]]}},{"type":"Feature","properties":{"th":"มุกดาหาร","en":"Mukdahan"},"geometry":{"type":"Polygon","coordinates":[[[104.9799,16.2783],[104.8849,16.2351],[104.8811,16.2135],[104.8268,16.2047],[104.8129,16.1863],[104.7034,16.2075],[104.6664,16.2436],[104.6257,16.2117],[104.5598,16.2619],[104.5508,16.312],[104.5124,16.3159],[104.4989,16.3409],[104.3935,16.3472],[104.3515,16.3254],[104.3231,16.3309],[104.3035,16.4634],[104.2895,16.4708],[104.2853,16.451],[104.238,16.4284],[104.2263,16.4754],[104.2389,16.5233],[104.1749,16.6094],[104.1991,16.6602],[104.1628,16.6786],[104.1707,16.6969],[104.1528,16.6999],[104.1365,16.757],[104.1184,16.7593],[104.0708,16.8221],[104.1087,16.8408],[104.1258,16.8874],[104.2086,16.873],[104.2197,16.8922],[104.2432,16.8935],[104.2484,16.8721],[104.2871,16.8571],[104.2959,16.838],[104.3198,16.8743],[104.3571,16.8807],[104.3989,16.8382],[104.4046,16.8768],[104.4196,16.858],[104.4394,16.8713],[104.4324,16.8474],[104.4488,16.8566],[104.4527,16.8277],[104.4557,16.8601],[104.4791,16.8418],[104.4656,16.8653],[104.4978,16.8504],[104.5493,16.8663],[104.6285,16.8624],[104.6676,16.787],[104.6988,16.7918],[104.6937,16.8152],[104.7107,16.8286],[104.7372,16.8047],[104.764,16.7002],[104.7378,16.5406],[104.8518,16.4442],[104.8925,16.3455],[104.9287,16.3333],[104.9799,16.2783]]]}},{"type":"Feature","properties":{"th":"พังงา","en":"Phang Nga"},"geometry":{"type":"MultiPolygon","coordinates":[[[[98.5822,7.8887],[98.5789,7.8921],[98.582,7.8946],[98.5822,7.8887]]],[[[98.6016,8.0838],[98.6137,7.9643],[98.5962,7.8884],[98.5809,7.9222],[98.5756,7.9023],[98.5644,7.9601],[98.5652,7.9904],[98.5792,7.9781],[98.5864,8.0173],[98.5534,8.0397],[98.5581,8.0295],[98.5544,8.0269],[98.5239,8.0883],[98.5516,8.0854],[98.5311,8.0912],[98.5277,8.1168],[98.5707,8.078],[98.6016,8.0838]]],[[[98.6365,8.1849],[98.6252,8.1011],[98.6101,8.0816],[98.606,8.0997],[98.5868,8.0971],[98.5624,8.1196],[98.5897,8.1198],[98.6018,8.1554],[98.6365,8.1849]]],[[[98.5182,8.2668],[98.5243,8.1799],[98.4558,8.1136],[98.3828,8.1212],[98.3541,8.1737],[98.2816,8.2017],[98.2692,8.3067],[98.2038,8.5548],[98.2132,8.5883],[98.2395,8.5896],[98.2293,8.623],[98.2465,8.6391],[98.2359,8.7224],[98.2213,8.7383],[98.2499,8.7431],[98.2603,8.7625],[98.2511,8.8101],[98.2682,8.8697],[98.2461,8.9134],[98.2633,8.9523],[98.2471,9.0035],[98.2494,9.1246],[98.2639,9.206],[98.2968,9.2418],[98.2973,9.3569],[98.3988,9.3299],[98.4043,9.3506],[98.4693,9.3295],[98.4557,9.3164],[98.4708,9.3219],[98.48,9.3047],[98.5271,9.2976],[98.5249,9.2357],[98.4926,9.1873],[98.5025,9.1542],[98.4825,9.1488],[98.4946,9.0812],[98.473,9.0649],[98.4879,9.0161],[98.5106,8.9981],[98.5054,8.9833],[98.451,8.9665],[98.4454,8.8955],[98.5053,8.8811],[98.5145,8.8603],[98.5358,8.8583],[98.5546,8.8142],[98.5985,8.7974],[98.5944,8.7123],[98.5365,8.661],[98.5875,8.6281],[98.6713,8.661],[98.7037,8.6317],[98.7075,8.5972],[98.6481,8.4843],[98.6681,8.4599],[98.663,8.4255],[98.6429,8.4134],[98.6626,8.3853],[98.6221,8.355],[98.6055,8.3163],[98.6094,8.266],[98.5182,8.2668]]],[[[97.6348,8.4908],[97.6404,8.4737],[97.6294,8.4883],[97.6348,8.4908]]],[[[97.6316,8.5134],[97.6399,8.4983],[97.6232,8.5167],[97.6316,8.5134]]],[[[97.6497,8.5182],[97.6469,8.5172],[97.6452,8.5201],[97.6497,8.5182]]],[[[97.62,8.5758],[97.6324,8.567],[97.6277,8.5529],[97.62,8.5758]]],[[[97.6384,8.5677],[97.6363,8.5658],[97.6351,8.5714],[97.6384,8.5677]]],[[[97.6292,8.5872],[97.6269,8.6006],[97.6343,8.5929],[97.6292,8.5872]]],[[[97.6257,8.656],[97.6432,8.6608],[97.6424,8.6169],[97.6257,8.656]]],[[[97.6376,8.6775],[97.6415,8.6681],[97.631,8.6728],[97.6376,8.6775]]],[[[97.8043,8.8294],[97.8022,8.8252],[97.798,8.8276],[97.8043,8.8294]]],[[[97.8192,9.0669],[97.8074,9.0677],[97.8095,9.0825],[97.8192,9.0669]]],[[[97.8621,9.3712],[97.8699,9.3689],[97.8632,9.3662],[97.8621,9.3712]]],[[[97.9023,9.4054],[97.9009,9.4062],[97.9019,9.4063],[97.9023,9.4054]]],[[[97.8943,9.3969],[97.8968,9.3954],[97.8913,9.398],[97.8943,9.3969]]],[[[97.8351,9.4243],[97.8278,9.4196],[97.8318,9.426],[97.8351,9.4243]]],[[[97.8762,9.4721],[97.8766,9.4708],[97.875,9.4717],[97.8762,9.4721]]],[[[97.9056,9.4736],[97.9022,9.4793],[97.9054,9.4776],[97.9056,9.4736]]],[[[97.8746,9.4942],[97.873,9.4951],[97.8743,9.4952],[97.8746,9.4942]]],[[[97.8875,9.4625],[97.9046,9.4263],[97.8761,9.4317],[97.8829,9.3824],[97.8719,9.3788],[97.8395,9.4155],[97.8627,9.4256],[97.8465,9.4364],[97.8591,9.4392],[97.8544,9.4554],[97.8875,9.4625]]]]}},{"type":"Feature","properties":{"th":"สระแก้ว","en":"Sa Kaeo"},"geometry":{"type":"Polygon","coordinates":[[[102.1651,13.3245],[102.1276,13.3344],[102.1085,13.2639],[102.0283,13.2366],[102.0345,13.2842],[102.0119,13.2894],[101.9924,13.3243],[101.9771,13.4087],[101.9435,13.4387],[101.9372,13.4781],[101.8948,13.4718],[101.8811,13.4904],[101.8974,13.5107],[101.8738,13.5241],[101.9148,13.5854],[101.9096,13.605],[101.9421,13.6162],[101.9486,13.6677],[101.9361,13.7405],[101.9477,13.8022],[101.9239,13.8162],[101.9286,13.8547],[101.9046,13.8829],[101.9116,13.9339],[101.9519,13.9352],[101.9249,13.9935],[101.9398,14.0164],[102.0752,14.0351],[102.1067,14.1514],[102.1637,14.1406],[102.1807,14.1948],[102.2113,14.1728],[102.216,14.1446],[102.2688,14.1463],[102.2717,14.1288],[102.2889,14.1351],[102.3073,14.1201],[102.3492,14.1252],[102.3629,14.1662],[102.3809,14.147],[102.4238,14.1579],[102.4755,14.132],[102.5502,14.1352],[102.608,14.1711],[102.6343,14.1489],[102.6553,14.1656],[102.6957,14.1306],[102.7657,14.1408],[102.7923,14.173],[102.8002,14.1589],[102.8157,14.1713],[102.8624,14.149],[102.8769,14.1741],[102.8978,14.1644],[102.9298,14.1764],[102.9404,14.1489],[102.9011,14.0835],[102.9115,14.018],[102.8683,14.0055],[102.7828,13.9327],[102.7659,13.8559],[102.723,13.793],[102.7323,13.7734],[102.5826,13.7012],[102.5485,13.6601],[102.5754,13.63],[102.6247,13.61],[102.5744,13.6035],[102.5684,13.5839],[102.5267,13.5641],[102.48,13.5722],[102.4377,13.5602],[102.3671,13.5782],[102.3399,13.5597],[102.3343,13.5418],[102.3633,13.5067],[102.3453,13.3483],[102.3534,13.2987],[102.3327,13.3169],[102.3113,13.287],[102.2846,13.3039],[102.2444,13.2852],[102.2163,13.3111],[102.1895,13.292],[102.1651,13.3245]]]}},{"type":"Feature","properties":{"th":"สกลนคร","en":"Sakon Nakhon"},"geometry":{"type":"Polygon","coordinates":[[[104.0708,16.8221],[104.0235,16.8575],[103.9809,16.8363],[103.969,16.8106],[103.9563,16.8208],[103.9533,16.7797],[103.938,16.7728],[103.8471,16.8387],[103.8355,16.8682],[103.7877,16.8857],[103.783,16.9585],[103.7424,16.9723],[103.7348,16.9897],[103.723,16.9807],[103.7222,17.0159],[103.6942,17.0351],[103.6612,17.0207],[103.6548,17.0763],[103.6671,17.1058],[103.638,17.1124],[103.5994,17.1691],[103.5685,17.1568],[103.4702,17.23],[103.4513,17.213],[103.4169,17.213],[103.3612,17.2365],[103.3514,17.2554],[103.2812,17.2672],[103.2621,17.2905],[103.2572,17.3264],[103.3018,17.3944],[103.2759,17.4359],[103.2881,17.5],[103.3169,17.5237],[103.3367,17.5763],[103.4095,17.599],[103.3974,17.6171],[103.4107,17.7288],[103.3997,17.7587],[103.3776,17.7625],[103.3682,17.7935],[103.3905,17.8298],[103.3809,17.8398],[103.4227,17.8413],[103.3945,17.855],[103.4173,17.8796],[103.3998,17.9046],[103.3953,17.9321],[103.4135,17.9333],[103.3895,17.9571],[103.3903,17.9852],[103.4058,17.9924],[103.4465,17.9668],[103.4449,17.992],[103.4638,17.9887],[103.4721,18.0053],[103.4979,17.9901],[103.4964,18.0648],[103.5367,18.0686],[103.5425,18.0883],[103.5432,18.0645],[103.5812,18.0389],[103.5941,18.0506],[103.6112,18.014],[103.6396,18.0142],[103.6207,18.0001],[103.6246,17.9691],[103.6626,17.974],[103.662,17.9505],[103.7163,17.9425],[103.7474,17.9121],[103.7635,17.9554],[103.7576,17.9207],[103.7797,17.9323],[103.7869,17.8905],[103.7642,17.8854],[103.7947,17.8422],[103.8111,17.8586],[103.796,17.8771],[103.8598,17.8821],[103.8656,17.864],[103.9063,17.8805],[103.9006,17.8488],[103.9225,17.856],[103.9188,17.8189],[103.942,17.7854],[103.9733,17.7853],[103.9791,17.771],[104.0165,17.8102],[104.0258,17.757],[104.0372,17.7696],[104.0581,17.7578],[104.0503,17.7379],[104.0664,17.7412],[104.0596,17.7257],[104.0781,17.6967],[104.0668,17.6911],[104.0831,17.6719],[104.0669,17.6453],[104.0283,17.6386],[104.0537,17.5927],[104.0342,17.5617],[104.0386,17.5307],[104.0085,17.4862],[104.072,17.3779],[104.0775,17.3937],[104.0957,17.3762],[104.0958,17.4035],[104.1259,17.3991],[104.1312,17.3803],[104.1531,17.3946],[104.1443,17.4101],[104.175,17.4155],[104.1725,17.4295],[104.2113,17.4146],[104.2871,17.4324],[104.4169,17.4175],[104.4065,17.3796],[104.4234,17.3395],[104.4028,17.3062],[104.4352,17.2406],[104.3926,17.1815],[104.4006,17.1392],[104.3536,17.0696],[104.3974,17.0221],[104.3565,17.0058],[104.3514,16.9847],[104.3175,16.9779],[104.3021,16.9279],[104.2693,16.9224],[104.2086,16.873],[104.1258,16.8874],[104.1247,16.8619],[104.0877,16.827],[104.0708,16.8221]]]}},{"type":"Feature","properties":{"th":"นครศรีธรรมราช","en":"Nakhon Si Thammarat"},"geometry":{"type":"MultiPolygon","coordinates":[[[[100.1073,7.8788],[100.0472,7.837],[99.9949,7.8562],[99.9526,7.8974],[99.9136,7.8708],[99.8826,7.8925],[99.8061,7.8909],[99.783,7.8572],[99.7383,7.8575],[99.7352,7.9435],[99.7566,7.9875],[99.7463,7.9837],[99.7416,8.0067],[99.7056,7.9925],[99.6565,8.0129],[99.6041,7.9879],[99.5977,7.9607],[99.5428,7.9118],[99.5399,7.8857],[99.48,7.8815],[99.4712,7.9048],[99.4202,7.8664],[99.4233,7.9262],[99.3975,7.9216],[99.3761,7.9431],[99.3968,7.9538],[99.4153,8.0006],[99.3876,8.0649],[99.386,8.1413],[99.297,8.132],[99.2899,8.1657],[99.3217,8.2094],[99.3124,8.2351],[99.3334,8.2577],[99.3308,8.2912],[99.2832,8.3175],[99.2756,8.3519],[99.2403,8.3661],[99.2342,8.3976],[99.2595,8.4489],[99.3933,8.514],[99.4183,8.5703],[99.4555,8.6036],[99.4542,8.643],[99.4778,8.6466],[99.4922,8.6963],[99.5225,8.7193],[99.5169,8.8353],[99.5598,8.851],[99.5757,8.9103],[99.6964,8.9351],[99.6939,8.9742],[99.723,8.9775],[99.7451,9.0705],[99.7631,9.0715],[99.7717,9.0972],[99.7241,9.1127],[99.7354,9.1265],[99.7222,9.1566],[99.7541,9.2212],[99.7482,9.264],[99.7722,9.2623],[99.7691,9.3231],[99.797,9.3098],[99.8009,9.3201],[99.8067,9.2994],[99.8356,9.306],[99.848,9.2548],[99.8809,9.2093],[99.8753,9.1406],[99.9087,9.0985],[99.9135,9.0262],[99.9287,9.0056],[99.9162,8.9977],[99.9157,8.9109],[99.9658,8.5883],[100.045,8.5265],[100.0892,8.4109],[100.1459,8.3768],[100.1764,8.3822],[100.1553,8.4392],[100.1729,8.4573],[100.1621,8.4933],[100.128,8.5172],[100.1716,8.5027],[100.198,8.4736],[100.2834,8.2332],[100.3369,7.9319],[100.3116,7.9362],[100.3075,7.9144],[100.2665,7.9142],[100.2348,7.8835],[100.1409,7.8682],[100.1073,7.8788]]],[[[99.7691,9.3264],[99.7826,9.3228],[99.7753,9.321],[99.7691,9.3264]]]]}},{"type":"Feature","properties":{"th":"นครพนม","en":"Nakhon Phanom"},"geometry":{"type":"Polygon","coordinates":[[[104.7884,17.1288],[104.7293,17.0003],[104.7398,16.9039],[104.7595,16.8619],[104.7372,16.8047],[104.7011,16.8271],[104.6988,16.7918],[104.6676,16.787],[104.6285,16.8624],[104.5493,16.8663],[104.4978,16.8504],[104.4656,16.8653],[104.4791,16.8418],[104.4557,16.8601],[104.4527,16.8277],[104.4488,16.8566],[104.4324,16.8474],[104.4394,16.8713],[104.4196,16.858],[104.4046,16.8768],[104.3989,16.8382],[104.3571,16.8807],[104.3198,16.8743],[104.2959,16.838],[104.2871,16.8571],[104.2484,16.8721],[104.2461,16.9023],[104.3021,16.9279],[104.3175,16.9779],[104.3514,16.9847],[104.3565,17.0058],[104.3974,17.0221],[104.3536,17.0696],[104.4006,17.1392],[104.3926,17.1815],[104.4352,17.2406],[104.4028,17.3062],[104.4234,17.3395],[104.4065,17.3796],[104.4169,17.4175],[104.2871,17.4324],[104.2113,17.4146],[104.1725,17.4295],[104.175,17.4155],[104.1443,17.4101],[104.1531,17.3946],[104.1312,17.3803],[104.1259,17.3991],[104.0906,17.4017],[104.0957,17.3762],[104.0775,17.3937],[104.072,17.3779],[104.0376,17.42],[104.0085,17.4862],[104.0386,17.5307],[104.0342,17.5617],[104.0537,17.5927],[104.0283,17.6386],[104.0669,17.6453],[104.0824,17.6823],[104.0668,17.6911],[104.0781,17.6967],[104.0596,17.7257],[104.0664,17.7412],[104.0503,17.7379],[104.0581,17.7578],[104.0372,17.7696],[104.0258,17.757],[104.0125,17.8302],[103.9817,17.8579],[104.003,17.8969],[104.0303,17.9099],[104.0625,17.9032],[104.0713,17.878],[104.1229,17.9233],[104.1341,17.9558],[104.1177,17.967],[104.1137,18.0051],[104.1519,18.024],[104.1728,18.0028],[104.1903,18.0234],[104.2254,17.9796],[104.2794,17.8581],[104.3545,17.8234],[104.4669,17.6562],[104.6095,17.5836],[104.725,17.5016],[104.8019,17.3868],[104.8059,17.2236],[104.7884,17.1288]]]}},{"type":"Feature","properties":{"th":"ปราจีนบุรี","en":"Prachin Buri"},"geometry":{"type":"Polygon","coordinates":[[[101.9421,13.8111],[101.9421,13.6162],[101.9096,13.605],[101.9148,13.5854],[101.89,13.5823],[101.8645,13.6317],[101.8328,13.6367],[101.8354,13.7011],[101.7926,13.7082],[101.7941,13.733],[101.757,13.775],[101.7248,13.7553],[101.6792,13.7555],[101.6658,13.7373],[101.639,13.7472],[101.5916,13.7362],[101.5514,13.7947],[101.5389,13.7858],[101.3496,13.8699],[101.3423,13.8591],[101.2785,13.8786],[101.2499,13.8665],[101.2204,13.8869],[101.1496,13.8516],[101.1604,13.8628],[101.1397,13.8795],[101.1615,13.8905],[101.1455,13.8938],[101.1604,13.933],[101.1374,13.9698],[101.1392,14.0013],[101.1971,14.0144],[101.2145,14.0558],[101.2788,14.0551],[101.3209,14.0775],[101.2888,14.1497],[101.3823,14.2105],[101.3819,14.2728],[101.4132,14.2535],[101.4988,14.2682],[101.497,14.3344],[101.4322,14.3895],[101.4475,14.4219],[101.4361,14.4458],[101.4829,14.4628],[101.5339,14.4249],[101.6056,14.4364],[101.7421,14.3075],[101.7489,14.3479],[101.7889,14.3597],[101.812,14.3476],[101.8402,14.3661],[101.877,14.3236],[101.9295,14.3279],[101.9446,14.2474],[101.982,14.2375],[101.9666,14.2278],[102.1067,14.1514],[102.0752,14.0351],[101.9553,14.0233],[101.9249,13.9935],[101.9519,13.9352],[101.9116,13.9339],[101.9046,13.8829],[101.9286,13.8547],[101.9239,13.8162],[101.9421,13.8111]]]}},{"type":"Feature","properties":{"th":"ร้อยเอ็ด","en":"Roi Et"},"geometry":{"type":"Polygon","coordinates":[[[103.9878,15.4069],[103.9715,15.4076],[103.9695,15.4252],[103.9488,15.414],[103.9448,15.4392],[103.8977,15.4427],[103.8886,15.4695],[103.8863,15.4546],[103.8773,15.4688],[103.8593,15.4491],[103.8535,15.4663],[103.777,15.4353],[103.6712,15.4447],[103.6118,15.4686],[103.5655,15.4622],[103.5363,15.4284],[103.4334,15.4547],[103.3947,15.4315],[103.416,15.5354],[103.361,15.526],[103.3028,15.5623],[103.2939,15.5935],[103.2738,15.6021],[103.3015,15.6486],[103.2717,15.6495],[103.274,15.6628],[103.2995,15.6846],[103.3,15.7064],[103.3176,15.71],[103.3252,15.6944],[103.3482,15.7263],[103.3979,15.708],[103.4194,15.7213],[103.4006,15.7596],[103.4398,15.7993],[103.4437,15.867],[103.482,15.9297],[103.4528,16.0767],[103.4957,16.208],[103.5202,16.1954],[103.5333,16.2198],[103.5413,16.2217],[103.5378,16.2116],[103.5603,16.2189],[103.5515,16.2035],[103.598,16.1933],[103.6197,16.2054],[103.6002,16.2148],[103.6157,16.2181],[103.6384,16.1872],[103.6767,16.2034],[103.6649,16.2214],[103.6856,16.211],[103.6904,16.2255],[103.7342,16.2234],[103.7543,16.3045],[103.6993,16.3744],[103.7278,16.4067],[103.8124,16.4653],[103.8661,16.4707],[103.9304,16.4346],[104.028,16.4432],[104.0457,16.3882],[104.1716,16.4456],[104.1877,16.4309],[104.2682,16.4375],[104.294,16.4725],[104.3199,16.4197],[104.3231,16.3309],[104.3515,16.3254],[104.3438,16.2915],[104.2979,16.2402],[104.2579,16.2244],[104.2158,16.1575],[104.1659,16.1425],[104.1383,16.1106],[104.1151,16.1147],[104.0958,16.0738],[104.1138,16.0378],[104.1065,15.9906],[104.0939,15.9771],[104.0277,15.9837],[104.0113,15.9582],[104.0263,15.9611],[104.0359,15.9406],[104.0148,15.893],[104.0365,15.8692],[104.0192,15.8668],[104.0286,15.8606],[104.0072,15.8307],[104.0136,15.8181],[103.9972,15.8147],[103.9998,15.7965],[104.0359,15.7967],[104.0782,15.8201],[104.0716,15.8383],[104.1344,15.7984],[104.1271,15.7697],[104.1413,15.7297],[104.1213,15.6984],[104.1466,15.714],[104.152,15.691],[104.1861,15.6672],[104.1694,15.6334],[104.1901,15.6328],[104.1865,15.6091],[104.2093,15.6093],[104.159,15.6018],[104.1168,15.5612],[104.0992,15.5675],[104.1046,15.548],[104.0853,15.5505],[104.0553,15.5154],[104.0616,15.5003],[104.0327,15.4905],[103.9955,15.4469],[103.9878,15.4069]],[[103.7226,15.9155],[103.7226,15.9155],[103.723,15.9176],[103.7226,15.9155]]]}},{"type":"Feature","properties":{"th":"นครนายก","en":"Nakhon Nayok"},"geometry":{"type":"Polygon","coordinates":[[[101.1971,14.0144],[101.1392,14.0013],[101.1374,13.9698],[101.0447,13.9764],[100.9135,13.961],[100.9143,14.2212],[100.9467,14.2366],[100.9517,14.2721],[101.0138,14.301],[101.0493,14.3476],[101.063,14.3771],[101.0561,14.4144],[101.0854,14.3825],[101.1466,14.3744],[101.1643,14.3429],[101.2102,14.372],[101.2022,14.4026],[101.2138,14.4374],[101.2293,14.4344],[101.2249,14.4726],[101.2428,14.4715],[101.2439,14.4892],[101.2777,14.5122],[101.2846,14.4894],[101.3062,14.4985],[101.3107,14.4734],[101.3657,14.4494],[101.4224,14.3832],[101.4759,14.3648],[101.5054,14.3089],[101.4988,14.2682],[101.4132,14.2535],[101.3819,14.2728],[101.3823,14.2105],[101.2888,14.1497],[101.3209,14.0775],[101.2788,14.0551],[101.2145,14.0558],[101.1971,14.0144]]]}},{"type":"Feature","properties":{"th":"กาฬสินธุ์","en":"Kalasin"},"geometry":{"type":"Polygon","coordinates":[[[103.598,16.1933],[103.5333,16.2198],[103.5202,16.1954],[103.4796,16.2082],[103.4519,16.1825],[103.4466,16.2278],[103.439,16.2195],[103.4047,16.2564],[103.4104,16.285],[103.3522,16.3077],[103.3432,16.3603],[103.2999,16.3699],[103.2917,16.3927],[103.1763,16.3626],[103.1632,16.3894],[103.1833,16.449],[103.1592,16.4912],[103.1848,16.5428],[103.1683,16.608],[103.1953,16.6307],[103.152,16.6438],[103.1458,16.701],[103.1587,16.7326],[103.1465,16.746],[103.1799,16.7864],[103.1842,16.8215],[103.1733,16.8638],[103.136,16.8703],[103.1377,16.8308],[103.1139,16.8181],[103.1019,16.8397],[103.1237,16.8964],[103.0984,16.913],[103.0988,16.9305],[103.1175,16.9615],[103.1598,16.9466],[103.1989,16.9494],[103.2192,16.968],[103.2534,16.9616],[103.2874,16.9265],[103.351,16.9213],[103.3948,16.8947],[103.4212,16.8016],[103.4914,16.9043],[103.4936,16.9699],[103.5196,16.999],[103.5067,17.0443],[103.5788,17.102],[103.62,17.0924],[103.6517,17.0485],[103.6476,17.0227],[103.6942,17.0351],[103.7222,17.0159],[103.723,16.9807],[103.7348,16.9897],[103.7424,16.9723],[103.783,16.9585],[103.7877,16.8857],[103.8355,16.8682],[103.8471,16.8387],[103.938,16.7728],[103.9533,16.7797],[103.9563,16.8208],[103.969,16.8106],[103.9809,16.8363],[104.0235,16.8575],[104.0657,16.8367],[104.1184,16.7593],[104.1365,16.757],[104.1528,16.6999],[104.1707,16.6969],[104.1628,16.6786],[104.1991,16.6602],[104.1749,16.6094],[104.2389,16.5233],[104.2263,16.4754],[104.238,16.4284],[104.1877,16.4309],[104.1716,16.4456],[104.0457,16.3882],[104.028,16.4432],[103.9304,16.4346],[103.8661,16.4707],[103.8229,16.47],[103.6993,16.3744],[103.7543,16.3045],[103.7342,16.2234],[103.6904,16.2255],[103.6856,16.211],[103.6649,16.2214],[103.6767,16.2034],[103.6384,16.1872],[103.6157,16.2181],[103.6002,16.2148],[103.6197,16.2054],[103.598,16.1933]]]}},{"type":"Feature","properties":{"th":"ตราด","en":"Trat"},"geometry":{"type":"MultiPolygon","coordinates":[[[[102.9072,11.7577],[102.9124,11.6505],[102.8928,11.7541],[102.7744,11.9112],[102.7848,11.9489],[102.766,12.0229],[102.6252,12.1492],[102.6505,12.1685],[102.6132,12.2011],[102.5946,12.2132],[102.5694,12.1966],[102.5542,12.2057],[102.574,12.1658],[102.5558,12.1619],[102.559,12.094],[102.5835,12.0704],[102.584,12.0432],[102.5479,12.059],[102.5516,12.0828],[102.5316,12.1144],[102.4756,12.1417],[102.4734,12.1658],[102.3977,12.1676],[102.3494,12.1954],[102.3256,12.1801],[102.2769,12.2049],[102.2897,12.2319],[102.2587,12.2877],[102.274,12.2826],[102.3319,12.3217],[102.372,12.3901],[102.3256,12.4263],[102.3374,12.5149],[102.3143,12.5238],[102.305,12.5545],[102.3584,12.5963],[102.399,12.5681],[102.4236,12.5714],[102.3875,12.6042],[102.4009,12.6153],[102.3838,12.6774],[102.4411,12.7369],[102.5086,12.753],[102.497,12.7037],[102.5092,12.6716],[102.539,12.6514],[102.5793,12.6532],[102.6165,12.6158],[102.6466,12.6089],[102.6446,12.5848],[102.662,12.5825],[102.685,12.5481],[102.6777,12.5386],[102.7137,12.5069],[102.7281,12.5119],[102.7208,12.486],[102.7337,12.4893],[102.7363,12.466],[102.7783,12.4358],[102.7845,12.3999],[102.7438,12.3878],[102.7255,12.3646],[102.7038,12.1733],[102.771,12.0728],[102.7844,11.977],[102.8156,11.9337],[102.8357,11.8514],[102.9072,11.7577]]],[[[102.397,11.8146],[102.3968,11.8156],[102.3983,11.8153],[102.397,11.8146]]],[[[102.3966,11.8167],[102.3959,11.8172],[102.3972,11.818],[102.3966,11.8167]]],[[[102.5476,11.7595],[102.5647,11.7008],[102.579,11.7124],[102.6082,11.6894],[102.6034,11.6262],[102.5879,11.6124],[102.6012,11.6071],[102.5923,11.5617],[102.5679,11.5763],[102.5667,11.5939],[102.5256,11.6067],[102.555,11.6394],[102.5231,11.6574],[102.5476,11.7595]]],[[[102.514,11.7259],[102.5255,11.717],[102.5207,11.7091],[102.514,11.7259]]],[[[102.3921,11.7768],[102.3947,11.7717],[102.3883,11.7737],[102.3921,11.7768]]],[[[102.3778,11.8075],[102.3767,11.808],[102.3771,11.809],[102.3778,11.8075]]],[[[102.3764,11.8056],[102.3771,11.8047],[102.3757,11.8048],[102.3764,11.8056]]],[[[102.3848,11.8111],[102.393,11.7969],[102.3869,11.7762],[102.3803,11.802],[102.3848,11.8111]]],[[[102.4499,11.7953],[102.4504,11.8016],[102.4527,11.7987],[102.4499,11.7953]]],[[[102.4519,11.8045],[102.4562,11.8103],[102.4556,11.8071],[102.4519,11.8045]]],[[[102.3767,11.8094],[102.3748,11.8111],[102.3761,11.8111],[102.3767,11.8094]]],[[[102.4718,11.8404],[102.5117,11.8252],[102.4877,11.8129],[102.4867,11.7899],[102.4672,11.8121],[102.4438,11.8111],[102.4718,11.8404]]],[[[102.4018,11.8185],[102.4011,11.8193],[102.4022,11.8205],[102.4018,11.8185]]],[[[102.3859,11.8213],[102.3842,11.8239],[102.3859,11.8236],[102.3859,11.8213]]],[[[102.4602,11.8321],[102.4595,11.8385],[102.4615,11.8338],[102.4602,11.8321]]],[[[102.5328,11.8422],[102.5193,11.8342],[102.5257,11.8542],[102.5328,11.8422]]],[[[102.2468,12.1633],[102.249,12.158],[102.2445,12.1592],[102.2468,12.1633]]],[[[102.352,12.1164],[102.4461,11.9772],[102.4354,11.9524],[102.3818,12.0006],[102.3684,11.9934],[102.3774,11.9634],[102.3226,11.9739],[102.3163,11.9562],[102.2811,12.0186],[102.292,12.0453],[102.2508,12.1574],[102.352,12.1164]]],[[[102.5252,11.8558],[102.5241,11.8565],[102.5244,11.8573],[102.5252,11.8558]]],[[[102.5232,11.8591],[102.5231,11.8572],[102.5224,11.8588],[102.5232,11.8591]]]]}},{"type":"Feature","properties":{"th":"หนองคาย","en":"Nong Khai"},"geometry":{"type":"Polygon","coordinates":[[[102.7833,17.6809],[102.763,17.6241],[102.7314,17.6034],[102.6949,17.6204],[102.6482,17.5927],[102.6462,17.6115],[102.5956,17.6223],[102.5976,17.6787],[102.6149,17.686],[102.5327,17.7599],[102.4681,17.7525],[102.4402,17.768],[102.4288,17.7955],[102.4412,17.8197],[102.4005,17.8435],[102.3893,17.894],[102.3086,17.9466],[102.2844,17.9915],[102.2723,17.9818],[102.2053,18.0076],[102.2053,18.0225],[102.1742,18.0188],[102.1525,17.9904],[102.1434,18.0351],[102.1045,18.0287],[102.1128,18.0535],[102.0957,18.0855],[102.0552,18.0861],[102.0685,18.144],[102.1012,18.1622],[102.1056,18.2132],[102.164,18.2039],[102.1855,18.1479],[102.2894,18.0597],[102.3515,18.0423],[102.4268,17.9863],[102.6025,17.9559],[102.6138,17.9212],[102.592,17.8388],[102.6395,17.8309],[102.6717,17.8032],[102.6968,17.8164],[102.6782,17.8394],[102.6871,17.8689],[102.7426,17.8846],[102.7865,17.9344],[102.8517,17.968],[102.9615,18.0053],[103.0348,17.9763],[103.0813,18.0456],[103.082,18.1275],[103.1497,18.1749],[103.1516,18.2314],[103.1747,18.2619],[103.2984,18.3041],[103.2952,18.2717],[103.2617,18.265],[103.2599,18.2487],[103.3365,18.204],[103.3439,18.1747],[103.367,18.1642],[103.2921,18.1086],[103.3136,18.1019],[103.2996,18.0813],[103.3128,18.0568],[103.4059,18.0051],[103.3895,17.9571],[103.4135,17.9333],[103.3953,17.9321],[103.39,17.8703],[103.3403,17.852],[103.3294,17.8242],[103.2952,17.8281],[103.2411,17.8863],[103.1917,17.8717],[103.167,17.8083],[103.1499,17.8031],[103.1146,17.8608],[103.1008,17.8565],[103.078,17.8852],[103.0524,17.8791],[103.0395,17.8928],[103.0387,17.8769],[103.0135,17.8756],[103.0047,17.842],[102.9692,17.8233],[102.9372,17.884],[102.8844,17.8981],[102.8683,17.8804],[102.8675,17.8441],[102.8258,17.8134],[102.8539,17.7767],[102.8505,17.7282],[102.8297,17.6933],[102.7833,17.6809]]]}},{"type":"Feature","properties":{"th":"ฉะเชิงเทรา","en":"Chachoengsao"},"geometry":{"type":"Polygon","coordinates":[[[101.0705,13.5308],[101.0389,13.4789],[101.0058,13.4594],[100.9702,13.4766],[100.93,13.4629],[100.8479,13.4781],[100.8718,13.4906],[100.8902,13.5646],[100.9037,13.5547],[100.9149,13.5713],[100.907,13.5917],[100.9627,13.6449],[100.9555,13.6628],[100.8557,13.7006],[100.938,13.8146],[100.9046,13.8485],[100.9135,13.961],[101.0447,13.9764],[101.1374,13.9698],[101.1604,13.933],[101.1455,13.8938],[101.1615,13.8905],[101.1397,13.8795],[101.1604,13.8628],[101.1496,13.8516],[101.2204,13.8869],[101.2499,13.8665],[101.2785,13.8786],[101.3423,13.8591],[101.3496,13.8699],[101.5389,13.7858],[101.5514,13.7947],[101.5916,13.7362],[101.639,13.7472],[101.6658,13.7373],[101.6792,13.7555],[101.7248,13.7553],[101.757,13.775],[101.7941,13.733],[101.7926,13.7082],[101.8354,13.7011],[101.8328,13.6367],[101.8645,13.6317],[101.89,13.5823],[101.9148,13.5854],[101.8738,13.5241],[101.8974,13.5107],[101.8811,13.4904],[101.8948,13.4718],[101.9372,13.4781],[101.9435,13.4387],[101.9771,13.4087],[101.9891,13.334],[101.947,13.2934],[101.9057,13.2875],[101.8908,13.2269],[101.881,13.2359],[101.8717,13.2232],[101.8691,13.2503],[101.8503,13.2479],[101.7729,13.1843],[101.7304,13.1785],[101.6678,13.2728],[101.5642,13.3313],[101.5322,13.4251],[101.5015,13.41],[101.49,13.4439],[101.4679,13.4246],[101.4332,13.4488],[101.401,13.4502],[101.4052,13.4726],[101.361,13.4635],[101.2675,13.5681],[101.1422,13.5896],[101.1215,13.5614],[101.0464,13.5596],[101.0705,13.5308]]]}},{"type":"Feature","properties":{"th":"มหาสารคาม","en":"Maha Sarakham"},"geometry":{"type":"Polygon","coordinates":[[[103.3451,15.4087],[103.0726,15.4978],[103.0903,15.533],[103.0459,15.5642],[103.0543,15.5896],[103.0272,15.5998],[102.9727,15.6678],[103.0035,15.6835],[103.006,15.7254],[102.9715,15.757],[102.9438,15.7537],[102.9192,15.8222],[102.9304,15.8858],[102.9061,15.8966],[102.9098,15.9247],[102.8906,15.9371],[102.9055,15.9735],[102.8833,16.0145],[102.8954,16.0533],[102.8595,16.0402],[102.8483,16.0719],[102.8685,16.127],[102.846,16.1476],[102.8584,16.1637],[102.8462,16.2728],[102.8936,16.3155],[102.8955,16.35],[102.9492,16.3887],[102.9588,16.4255],[102.9724,16.4198],[102.9531,16.4518],[103.0869,16.5165],[103.121,16.5925],[103.1515,16.6082],[103.152,16.6438],[103.1953,16.6307],[103.1683,16.608],[103.1848,16.5428],[103.1592,16.4912],[103.1833,16.449],[103.1632,16.3894],[103.1763,16.3626],[103.2917,16.3927],[103.2999,16.3699],[103.3432,16.3603],[103.3522,16.3077],[103.4104,16.285],[103.4047,16.2564],[103.439,16.2195],[103.4466,16.2278],[103.4519,16.1825],[103.4796,16.2082],[103.4941,16.1951],[103.4528,16.0767],[103.482,15.9297],[103.4437,15.867],[103.4398,15.7993],[103.4006,15.7596],[103.4194,15.7213],[103.3979,15.708],[103.3482,15.7263],[103.3252,15.6944],[103.3176,15.71],[103.3,15.7064],[103.2995,15.6846],[103.274,15.6628],[103.2717,15.6495],[103.3015,15.6486],[103.2738,15.6021],[103.2939,15.5935],[103.3028,15.5623],[103.361,15.526],[103.416,15.5354],[103.3947,15.4315],[103.3451,15.4087]]]}},{"type":"Feature","properties":{"th":"ระยอง","en":"Rayong"},"geometry":{"type":"MultiPolygon","coordinates":[[[[101.4452,12.5802],[101.4695,12.5677],[101.4419,12.5214],[101.4452,12.5802]]],[[[101.5693,12.5548],[101.5672,12.5588],[101.57,12.5568],[101.5693,12.5548]]],[[[101.7006,12.5665],[101.6985,12.5701],[101.7015,12.5721],[101.7006,12.5665]]],[[[101.51,12.585],[101.5102,12.582],[101.5084,12.5844],[101.51,12.585]]],[[[101.6932,12.5998],[101.6902,12.5962],[101.6929,12.6019],[101.6932,12.5998]]],[[[101.6899,12.6135],[101.6887,12.6073],[101.6882,12.6175],[101.6899,12.6135]]],[[[101.1686,12.6433],[101.1683,12.6438],[101.1687,12.6439],[101.1686,12.6433]]],[[[101.1701,12.6444],[101.1697,12.6446],[101.1701,12.6449],[101.1701,12.6444]]],[[[101.1708,12.6453],[101.1705,12.6453],[101.1707,12.6458],[101.1708,12.6453]]],[[[101.1711,12.647],[101.1688,12.647],[101.1704,12.6493],[101.1711,12.647]]],[[[101.1742,12.6484],[101.1739,12.6489],[101.1743,12.6488],[101.1742,12.6484]]],[[[101.4474,12.6293],[101.4244,12.6157],[101.4192,12.5834],[101.3105,12.645],[101.2354,12.6647],[101.0981,12.6777],[100.9931,12.6561],[100.9905,12.726],[101.0147,12.759],[101.0187,12.798],[101.0637,12.8351],[101.1037,12.9725],[101.0852,13.0054],[101.0667,13.0078],[101.087,13.0306],[101.1552,13.0018],[101.1571,13.0157],[101.1729,13.0103],[101.1583,13.0472],[101.1882,13.0384],[101.2098,13.0755],[101.2401,13.0641],[101.2597,13.0748],[101.2913,13.0572],[101.3243,13.0857],[101.3947,13.0239],[101.417,13.0268],[101.4354,13.0518],[101.4719,13.0305],[101.4685,13.0509],[101.5142,13.0587],[101.5186,13.0755],[101.5591,13.0763],[101.5826,13.129],[101.6574,13.1635],[101.6953,13.1459],[101.6857,13.1184],[101.7005,13.108],[101.7108,13.0398],[101.725,13.0302],[101.759,13.0461],[101.7394,12.9589],[101.7575,12.9403],[101.7795,12.953],[101.8092,12.8846],[101.8195,12.8948],[101.8193,12.7542],[101.799,12.7473],[101.7846,12.6938],[101.7419,12.7072],[101.6883,12.6927],[101.6458,12.6425],[101.593,12.6533],[101.5651,12.6467],[101.5565,12.6274],[101.4474,12.6293]]]]}},{"type":"Feature","properties":{"th":"จันทบุรี","en":"Chanthaburi"},"geometry":{"type":"MultiPolygon","coordinates":[[[[102.1105,12.4229],[102.1079,12.4227],[102.1111,12.426],[102.1105,12.4229]]],[[[101.9488,12.5075],[101.9493,12.5147],[101.9516,12.5117],[101.9488,12.5075]]],[[[102.0246,12.4601],[102.0216,12.4615],[102.0221,12.4653],[102.0246,12.4601]]],[[[102.066,12.4648],[102.0659,12.4661],[102.0668,12.4653],[102.066,12.4648]]],[[[102.2516,12.286],[102.2502,12.2902],[102.2528,12.2882],[102.2516,12.286]]],[[[102.2373,12.2955],[102.244,12.293],[102.2383,12.2861],[102.2373,12.2955]]],[[[102.1342,12.3981],[102.1314,12.3924],[102.1321,12.3967],[102.1342,12.3981]]],[[[102.1204,12.4098],[102.1247,12.4098],[102.1262,12.4049],[102.1204,12.4098]]],[[[102.2574,12.3054],[102.1266,12.4124],[102.0926,12.4629],[102.0588,12.4838],[102.0599,12.4688],[102.0434,12.4719],[102.0375,12.5075],[102.0122,12.5273],[101.9486,12.5387],[101.9505,12.5162],[101.8836,12.5797],[101.9118,12.5759],[101.9033,12.6005],[101.883,12.6018],[101.8842,12.5858],[101.863,12.6424],[101.7846,12.6938],[101.799,12.7473],[101.8193,12.7542],[101.8195,12.8948],[101.8092,12.8846],[101.7795,12.953],[101.7575,12.9403],[101.7394,12.9589],[101.759,13.0461],[101.725,13.0302],[101.7108,13.0398],[101.7005,13.108],[101.6857,13.1184],[101.7184,13.1813],[101.7729,13.1843],[101.8503,13.2479],[101.8691,13.2503],[101.8717,13.2232],[101.881,13.2359],[101.8908,13.2269],[101.9057,13.2875],[101.947,13.2934],[101.9891,13.334],[102.0119,13.2894],[102.0345,13.2842],[102.0283,13.2366],[102.1085,13.2639],[102.1276,13.3344],[102.1824,13.3141],[102.1895,13.292],[102.2163,13.3111],[102.2444,13.2852],[102.2846,13.3039],[102.3113,13.287],[102.3327,13.3169],[102.3534,13.2987],[102.3512,13.2721],[102.3673,13.2629],[102.438,13.0862],[102.4592,13.0822],[102.4942,13.0135],[102.5297,13.0029],[102.4874,12.9819],[102.5009,12.9605],[102.486,12.948],[102.5093,12.8951],[102.498,12.8583],[102.5321,12.8105],[102.5322,12.7666],[102.5177,12.7525],[102.4913,12.7568],[102.4743,12.7356],[102.4411,12.7369],[102.3838,12.6774],[102.4009,12.6153],[102.3875,12.6042],[102.4236,12.5714],[102.399,12.5681],[102.3584,12.5963],[102.305,12.5545],[102.3143,12.5238],[102.3374,12.5149],[102.3256,12.4263],[102.372,12.3901],[102.3491,12.3696],[102.3436,12.3336],[102.3063,12.302],[102.2583,12.2889],[102.2574,12.3054]]]]}},{"type":"Feature","properties":{"th":"ชัยนาท","en":"Chainat"},"geometry":{"type":"Polygon","coordinates":[[[100.291,14.9563],[100.1995,14.9605],[100.1367,14.9131],[100.1327,14.9463],[100.0397,14.961],[100.0408,14.9193],[99.9681,14.9018],[99.8828,14.9124],[99.7311,14.9637],[99.7255,14.9895],[99.7692,15.0234],[99.7909,15.0865],[99.7481,15.1639],[99.7599,15.1754],[99.7316,15.2088],[99.7265,15.2596],[99.7633,15.2997],[99.7574,15.3121],[99.8502,15.3117],[99.885,15.2879],[99.9579,15.3068],[100.0027,15.3021],[100.038,15.2914],[100.0584,15.2638],[100.1002,15.3367],[100.0751,15.3691],[100.1067,15.3798],[100.0909,15.4135],[100.1249,15.4123],[100.1441,15.3906],[100.2171,15.3636],[100.213,15.3542],[100.2325,15.3687],[100.2521,15.3559],[100.2749,15.2244],[100.318,15.1582],[100.3355,15.1622],[100.3516,15.1199],[100.2891,15.0785],[100.2938,15.0644],[100.2609,15.0584],[100.246,15.0389],[100.2191,15.0426],[100.2222,15.0251],[100.2443,15.0241],[100.2934,14.9847],[100.291,14.9563]]]}},{"type":"Feature","properties":{"th":"สระบุรี","en":"Saraburi"},"geometry":{"type":"Polygon","coordinates":[[[100.6444,14.5488],[100.6032,14.556],[100.6032,14.5785],[100.5753,14.5969],[100.5822,14.6243],[100.6024,14.6538],[100.6267,14.6549],[100.6171,14.663],[100.6395,14.6742],[100.6643,14.7369],[100.6943,14.7623],[100.7257,14.7603],[100.7774,14.796],[100.8469,14.8045],[100.8819,14.7642],[100.8995,14.7721],[100.9425,14.7415],[100.9663,14.7514],[100.9919,14.7404],[100.9903,14.7634],[101.0238,14.8091],[101.0541,14.7902],[101.0608,14.7596],[101.0733,14.7634],[101.0619,14.7893],[101.0918,14.8507],[101.0734,14.8786],[101.0995,14.9085],[101.1514,14.8969],[101.1978,14.9221],[101.2585,14.913],[101.2983,14.9592],[101.3288,14.9661],[101.363,15.0461],[101.3991,15.0725],[101.4544,14.8643],[101.3371,14.7862],[101.3304,14.7608],[101.3072,14.7587],[101.2976,14.7388],[101.2317,14.7323],[101.2145,14.754],[101.1884,14.7493],[101.2154,14.5871],[101.1811,14.5436],[101.2428,14.4715],[101.2249,14.4726],[101.2293,14.4344],[101.2092,14.4286],[101.2102,14.372],[101.1861,14.3672],[101.1769,14.3475],[101.1573,14.3482],[101.1466,14.3744],[101.0854,14.3825],[101.0561,14.4144],[101.063,14.3771],[101.0138,14.301],[100.8923,14.2437],[100.8917,14.2755],[100.8231,14.2439],[100.8235,14.3295],[100.7728,14.3297],[100.7971,14.3907],[100.7597,14.4135],[100.7724,14.4928],[100.7489,14.5172],[100.7776,14.531],[100.7807,14.5675],[100.702,14.5753],[100.656,14.6061],[100.6751,14.5571],[100.6444,14.5488]]]}},{"type":"Feature","properties":{"th":"ลำปาง","en":"Lampang"},"geometry":{"type":"Polygon","coordinates":[[[99.2284,17.4056],[99.1726,17.3364],[99.1133,17.3725],[99.1093,17.3588],[99.0472,17.3864],[98.9812,17.4647],[98.932,17.4743],[98.9262,17.5242],[98.9059,17.5448],[98.9109,17.5816],[98.8893,17.5888],[98.8819,17.6261],[98.9078,17.6486],[98.9476,17.646],[99.05,17.6124],[99.0645,17.6926],[99.0872,17.7043],[99.0857,17.7385],[99.1255,17.7718],[99.1045,17.813],[99.1733,17.8098],[99.1605,17.8454],[99.183,17.8606],[99.1468,17.9107],[99.1066,17.9136],[99.1153,17.9465],[99.0956,17.9538],[99.101,18.0014],[99.0704,18.0628],[99.0567,18.175],[99.0185,18.2527],[99.0913,18.2804],[99.1127,18.267],[99.1228,18.3117],[99.1523,18.3161],[99.1669,18.3742],[99.2376,18.4489],[99.2421,18.4791],[99.2571,18.4951],[99.3203,18.5014],[99.3322,18.5758],[99.3535,18.5802],[99.3595,18.607],[99.3277,18.6185],[99.3472,18.6571],[99.3274,18.6854],[99.3712,18.7534],[99.3527,18.8462],[99.3915,18.8848],[99.3734,18.9821],[99.4374,19.0092],[99.4939,19.0772],[99.5401,19.0848],[99.5379,19.1099],[99.5602,19.1423],[99.5365,19.1631],[99.5459,19.2404],[99.5782,19.2938],[99.5657,19.4178],[99.6314,19.3844],[99.6763,19.392],[99.6961,19.38],[99.7085,19.3395],[99.7027,19.2548],[99.7735,19.0643],[99.8199,19.0608],[99.8395,19.0015],[99.9104,18.9883],[99.9964,18.9055],[100.0328,18.9024],[100.0706,18.8643],[100.0671,18.8174],[100.0882,18.8277],[100.1217,18.7985],[100.0967,18.7295],[100.1115,18.6715],[100.0999,18.6313],[100.1205,18.6014],[100.1055,18.5598],[100.0899,18.5728],[100.0562,18.558],[100.0563,18.5167],[100.0214,18.4477],[100.0045,18.4458],[100.014,18.4375],[99.9998,18.4019],[99.9664,18.3937],[99.9067,18.2801],[99.8584,18.2842],[99.8506,18.2559],[99.8011,18.2147],[99.7194,18.0698],[99.6683,18.0417],[99.6328,18.0623],[99.5857,18.0354],[99.595,18.0097],[99.4818,17.921],[99.4753,17.8942],[99.4213,17.8505],[99.3673,17.774],[99.3862,17.6856],[99.4223,17.71],[99.4503,17.7097],[99.4713,17.7379],[99.478,17.7245],[99.4764,17.677],[99.4473,17.6443],[99.4536,17.5999],[99.4256,17.6091],[99.4133,17.5746],[99.435,17.5634],[99.4388,17.5273],[99.4211,17.5186],[99.4061,17.4713],[99.4428,17.4343],[99.4295,17.3923],[99.4695,17.3683],[99.4764,17.3411],[99.4547,17.3087],[99.4557,17.2545],[99.4412,17.2521],[99.4386,17.2296],[99.3931,17.2064],[99.3729,17.2128],[99.3403,17.2673],[99.3033,17.2735],[99.2708,17.3522],[99.27,17.4004],[99.2284,17.4056]]]}},{"type":"Feature","properties":{"th":"อุตรดิตถ์","en":"Uttaradit"},"geometry":{"type":"Polygon","coordinates":[[[100.2434,17.352],[100.2482,17.238],[100.2062,17.2072],[100.1684,17.202],[100.1617,17.1674],[100.1493,17.1856],[100.0365,17.1814],[100.0137,17.1389],[99.9961,17.1375],[100.0085,17.1513],[99.9732,17.1646],[99.9836,17.1897],[99.9712,17.2109],[99.9823,17.2161],[99.9582,17.2312],[99.9734,17.2415],[99.9549,17.2428],[100.0024,17.2974],[99.9935,17.3129],[100.012,17.3357],[99.9997,17.3695],[100.0098,17.3803],[99.9917,17.4058],[100.0309,17.444],[99.9813,17.473],[99.9722,17.496],[99.9326,17.5069],[99.9404,17.5502],[99.9241,17.5871],[99.9758,17.6221],[99.9768,17.6579],[99.9634,17.7113],[99.9118,17.763],[99.9219,17.7865],[99.8947,17.8056],[99.9583,17.7797],[99.9903,17.8118],[99.9779,17.8339],[100.0476,17.8482],[100.0575,17.8337],[100.1298,17.8563],[100.2465,17.962],[100.2801,17.9566],[100.3343,17.8888],[100.3596,17.9264],[100.3502,17.9828],[100.3918,18.0213],[100.4235,18.0134],[100.4813,18.0553],[100.5524,18.0349],[100.6102,18.0498],[100.7058,18.0265],[100.7171,18.0677],[100.726,18.0477],[100.7631,18.0634],[100.777,18.0325],[100.8104,18.0774],[100.8499,18.0828],[100.8837,18.1512],[100.9138,18.1593],[100.9079,18.1934],[100.9253,18.2119],[100.9127,18.2276],[100.9802,18.3062],[101.0742,18.3577],[101.0858,18.3807],[101.1821,18.3405],[101.1483,18.2945],[101.1631,18.2783],[101.1441,18.259],[101.1654,18.2177],[101.1926,18.2132],[101.161,18.1238],[101.1838,18.0652],[101.1212,17.9986],[101.1173,17.9514],[101.0189,17.8914],[101.0324,17.834],[100.9989,17.8208],[101.0063,17.7844],[100.9773,17.7621],[100.9883,17.743],[100.9767,17.716],[100.9253,17.6961],[100.9042,17.7152],[100.8713,17.7068],[100.8427,17.6537],[100.8022,17.6384],[100.7399,17.5421],[100.6409,17.4905],[100.6449,17.4737],[100.6139,17.4652],[100.5896,17.4196],[100.5134,17.4038],[100.5008,17.4287],[100.4267,17.4214],[100.3301,17.3866],[100.3236,17.3685],[100.3061,17.382],[100.2434,17.352]]]}},{"type":"Feature","properties":{"th":"เชียงใหม่","en":"Chiang Mai"},"geometry":{"type":"Polygon","coordinates":[[[98.5228,17.5728],[98.5388,17.551],[98.5184,17.4777],[98.5574,17.4204],[98.5375,17.3622],[98.5619,17.3513],[98.5576,17.2938],[98.5789,17.2988],[98.5743,17.2847],[98.4607,17.2757],[98.3926,17.2423],[98.3172,17.3212],[98.3342,17.3488],[98.2917,17.408],[98.3228,17.4167],[98.3295,17.4692],[98.2981,17.5764],[98.2687,17.5795],[98.2081,17.5398],[98.1367,17.5412],[98.0898,17.6366],[98.1447,17.6823],[98.1528,17.7294],[98.1356,17.7598],[98.1481,17.7765],[98.073,17.83],[98.045,17.8986],[98.0599,17.9331],[98.0475,17.9442],[98.0888,17.9635],[98.1437,17.9357],[98.1618,17.9708],[98.2462,17.9887],[98.2209,18.0243],[98.2521,18.0648],[98.2309,18.0982],[98.213,18.0874],[98.1926,18.0971],[98.1814,18.1534],[98.1567,18.1659],[98.1767,18.1915],[98.1721,18.2185],[98.1394,18.2398],[98.1394,18.2806],[98.202,18.2911],[98.198,18.332],[98.1447,18.363],[98.1259,18.4058],[98.074,18.4294],[98.1054,18.4584],[98.1205,18.5007],[98.1751,18.5231],[98.1744,18.5469],[98.2086,18.537],[98.2371,18.572],[98.2107,18.6075],[98.183,18.6095],[98.1829,18.6248],[98.1057,18.6487],[98.1075,18.7138],[98.094,18.7376],[98.1216,18.7745],[98.0933,18.7771],[98.0854,18.796],[98.0925,18.8692],[98.1293,18.9118],[98.1564,18.9196],[98.1725,18.951],[98.1693,18.9992],[98.2486,19.1067],[98.2405,19.1399],[98.2525,19.1607],[98.3427,19.1531],[98.3511,19.0965],[98.4214,19.0281],[98.4382,19.048],[98.5414,19.0255],[98.6403,19.0691],[98.6517,19.0943],[98.6334,19.1558],[98.5689,19.2067],[98.5983,19.2291],[98.5873,19.2553],[98.6015,19.3146],[98.5734,19.388],[98.5961,19.407],[98.5845,19.4442],[98.595,19.4896],[98.5648,19.528],[98.5659,19.5601],[98.5423,19.5719],[98.5395,19.6234],[98.4724,19.6579],[98.4669,19.6926],[98.5183,19.7158],[98.5681,19.6729],[98.5726,19.7037],[98.5915,19.7151],[98.6242,19.713],[98.6266,19.7279],[98.7118,19.7679],[98.7782,19.7518],[98.8389,19.813],[98.9169,19.7432],[98.934,19.7735],[98.981,19.7341],[99.0338,19.8497],[99.0232,19.9282],[99.0435,19.9319],[99.0306,19.9714],[99.0545,20.0029],[99.0446,20.0388],[99.073,20.0974],[99.1317,20.1058],[99.1265,20.1181],[99.1602,20.133],[99.2123,20.1307],[99.3252,20.0703],[99.4391,20.0903],[99.4987,20.1157],[99.5128,20.1471],[99.5705,20.1225],[99.5703,20.1081],[99.4951,20.0804],[99.4968,20.0511],[99.4676,20.0333],[99.4787,20.0129],[99.4217,19.9627],[99.4201,19.9184],[99.3834,19.8904],[99.4186,19.8133],[99.3918,19.8137],[99.3626,19.7766],[99.361,19.7283],[99.3134,19.7077],[99.2584,19.6504],[99.2679,19.6105],[99.3259,19.5394],[99.295,19.4925],[99.308,19.4883],[99.3095,19.4315],[99.3295,19.3991],[99.3328,19.3617],[99.3164,19.3505],[99.3424,19.269],[99.3038,19.1936],[99.3207,19.1259],[99.345,19.0858],[99.3835,19.064],[99.4016,19.0001],[99.3734,18.9821],[99.3915,18.8848],[99.3527,18.8462],[99.3712,18.7534],[99.3274,18.6854],[99.3472,18.6571],[99.3277,18.6185],[99.3595,18.607],[99.3535,18.5802],[99.3322,18.5758],[99.3171,18.5321],[99.2963,18.5372],[99.2188,18.5924],[99.2354,18.6171],[99.2336,18.6518],[99.1883,18.6792],[99.1892,18.7071],[99.1556,18.71],[99.0995,18.6694],[99.0105,18.6728],[98.9351,18.5431],[98.8649,18.5149],[98.7644,18.4347],[98.7086,18.4423],[98.6934,18.419],[98.7095,18.4152],[98.6813,18.3674],[98.7041,18.3345],[98.6718,18.3271],[98.6733,18.3111],[98.7737,18.2512],[98.7827,18.1799],[98.8045,18.1568],[98.7976,18.0874],[98.8137,18.0793],[98.7783,18.0026],[98.8093,18.0084],[98.8341,17.9887],[98.8706,17.8498],[98.8528,17.8476],[98.8563,17.8146],[98.8221,17.7973],[98.8004,17.7957],[98.7838,17.8326],[98.7629,17.8014],[98.6852,17.7911],[98.6708,17.834],[98.6392,17.8145],[98.624,17.7773],[98.5907,17.8058],[98.5594,17.7965],[98.5189,17.8249],[98.4939,17.8137],[98.5263,17.7077],[98.5228,17.5728]]]}},{"type":"Feature","properties":{"th":"ลำพูน","en":"Lamphun"},"geometry":{"type":"Polygon","coordinates":[[[99.1045,17.813],[99.1255,17.7718],[99.0857,17.7385],[99.0872,17.7043],[99.0645,17.6926],[99.05,17.6124],[98.9823,17.6402],[98.9078,17.6486],[98.88,17.6106],[98.9109,17.5816],[98.9109,17.5354],[98.88,17.4911],[98.8587,17.5112],[98.8231,17.5122],[98.7176,17.4645],[98.6906,17.4241],[98.6826,17.4593],[98.7056,17.5008],[98.6824,17.5971],[98.6839,17.6658],[98.7459,17.6927],[98.6852,17.7911],[98.7629,17.8014],[98.7838,17.8326],[98.8004,17.7957],[98.8221,17.7973],[98.8563,17.8146],[98.8528,17.8476],[98.8706,17.8498],[98.8341,17.9887],[98.8093,18.0084],[98.7783,18.0026],[98.8137,18.0793],[98.7976,18.0874],[98.8045,18.1568],[98.7827,18.1799],[98.7737,18.2512],[98.6733,18.3111],[98.6718,18.3271],[98.7041,18.3345],[98.6813,18.3674],[98.7095,18.4152],[98.6934,18.419],[98.725,18.4462],[98.7644,18.4347],[98.8649,18.5149],[98.9351,18.5431],[99.0105,18.6728],[99.0995,18.6694],[99.1556,18.71],[99.1892,18.7071],[99.1883,18.6792],[99.2336,18.6518],[99.2354,18.6171],[99.2188,18.5924],[99.3171,18.5321],[99.3203,18.5014],[99.2571,18.4951],[99.2421,18.4791],[99.2376,18.4489],[99.1669,18.3742],[99.1523,18.3161],[99.1228,18.3117],[99.1127,18.267],[99.0913,18.2804],[99.0185,18.2527],[99.0567,18.175],[99.0704,18.0628],[99.101,18.0014],[99.0956,17.9538],[99.1153,17.9465],[99.1066,17.9136],[99.1468,17.9107],[99.183,17.8606],[99.1605,17.8454],[99.1733,17.8098],[99.1218,17.819],[99.1045,17.813]]]}},{"type":"Feature","properties":{"th":"นราธิวาส","en":"Narathiwat"},"geometry":{"type":"Polygon","coordinates":[[[101.9433,5.8727],[101.8834,5.8379],[101.8665,5.7914],[101.836,5.7889],[101.8157,5.733],[101.7531,5.7973],[101.7391,5.7822],[101.7182,5.7883],[101.7149,5.7642],[101.6935,5.754],[101.6577,5.8121],[101.6587,5.8749],[101.6232,5.8771],[101.6147,5.9115],[101.5813,5.9345],[101.5018,5.8894],[101.4899,5.9009],[101.4971,5.9484],[101.4726,5.9887],[101.4744,6.0675],[101.4402,6.0912],[101.4353,6.1286],[101.3867,6.1682],[101.3712,6.2086],[101.4034,6.2398],[101.3874,6.3358],[101.4202,6.3859],[101.4234,6.4205],[101.4652,6.423],[101.4633,6.4652],[101.5093,6.4534],[101.6088,6.5438],[101.5738,6.5996],[101.5822,6.6293],[101.6268,6.6249],[101.6308,6.6356],[101.6689,6.5742],[101.7247,6.5768],[101.8175,6.4519],[101.874,6.4246],[101.9492,6.3418],[102.0866,6.2473],[102.0782,6.1733],[102.0926,6.1475],[102.0533,6.0803],[101.9776,6.0302],[101.9417,5.9812],[101.9215,5.9107],[101.9433,5.8727]]]}},{"type":"Feature","properties":{"th":"ปัตตานี","en":"Pattani"},"geometry":{"type":"Polygon","coordinates":[[[101.5941,6.5668],[101.5641,6.5498],[101.5371,6.5557],[101.4942,6.6057],[101.4527,6.5758],[101.4115,6.5826],[101.3541,6.558],[101.3274,6.5735],[101.3094,6.5651],[101.2892,6.6838],[101.2716,6.6468],[101.2492,6.6442],[101.2139,6.595],[101.1337,6.6084],[101.0489,6.6633],[101.073,6.6859],[101.019,6.725],[101.0436,6.8481],[101.2163,6.8731],[101.2479,6.9012],[101.3328,6.876],[101.3399,6.9126],[101.2855,6.938],[101.2891,6.9488],[101.2393,6.9312],[101.2776,6.9529],[101.2866,6.9521],[101.3144,6.9371],[101.3534,6.9059],[101.5259,6.8656],[101.5575,6.846],[101.7247,6.5768],[101.6689,6.5742],[101.6308,6.6356],[101.5743,6.6213],[101.5941,6.5668]]]}},{"type":"Feature","properties":{"th":"ยะลา","en":"Yala"},"geometry":{"type":"Polygon","coordinates":[[[101.2048,5.6599],[101.1341,5.6129],[101.1232,5.6617],[101.0826,5.7214],[101.0621,5.7269],[101.0601,5.7443],[101.0349,5.7378],[100.9893,5.7838],[100.9843,5.8093],[101.012,5.8376],[101.0269,5.9144],[101.084,5.9104],[101.0954,5.951],[101.1234,5.9774],[101.1075,5.99],[101.1137,6.0392],[101.1002,6.0509],[101.1273,6.1041],[101.0583,6.1432],[101.0749,6.1708],[101.1265,6.1939],[101.1121,6.2506],[101.0637,6.2591],[101.017,6.2459],[100.9672,6.2831],[100.9442,6.243],[100.9169,6.2481],[100.9026,6.2332],[100.8714,6.2646],[100.8704,6.2401],[100.8536,6.2316],[100.8348,6.2962],[100.8428,6.3082],[100.8486,6.2893],[100.8882,6.2961],[100.9287,6.322],[100.9221,6.4259],[100.9595,6.4516],[100.9771,6.4864],[101.0459,6.4886],[101.0432,6.5415],[101.0808,6.5561],[101.0888,6.6143],[101.1081,6.6291],[101.1337,6.6084],[101.2139,6.595],[101.2492,6.6442],[101.2716,6.6468],[101.2892,6.6838],[101.3094,6.5651],[101.3274,6.5735],[101.3541,6.558],[101.4115,6.5826],[101.4527,6.5758],[101.4942,6.6057],[101.5371,6.5557],[101.5641,6.5498],[101.5929,6.5651],[101.6088,6.5438],[101.5093,6.4534],[101.4633,6.4652],[101.4694,6.4292],[101.4234,6.4205],[101.4202,6.3859],[101.3874,6.3358],[101.4034,6.2398],[101.3712,6.2086],[101.3867,6.1682],[101.4353,6.1286],[101.4402,6.0912],[101.4744,6.0675],[101.4726,5.9887],[101.4971,5.9484],[101.4899,5.9009],[101.5018,5.8894],[101.4851,5.87],[101.3915,5.876],[101.3743,5.8328],[101.3486,5.8258],[101.3461,5.809],[101.2771,5.8123],[101.2501,5.7612],[101.2602,5.7129],[101.2182,5.6877],[101.2048,5.6599]]]}},{"type":"Feature","properties":{"th":"ตรัง","en":"Trang"},"geometry":{"type":"MultiPolygon","coordinates":[[[[99.4752,6.9725],[99.4737,6.9768],[99.4754,6.9786],[99.4752,6.9725]]],[[[99.4732,6.9833],[99.473,6.9839],[99.4738,6.9845],[99.4732,6.9833]]],[[[99.445,7.0151],[99.4445,7.0156],[99.4453,7.0162],[99.445,7.0151]]],[[[99.3983,7.0661],[99.3979,7.0665],[99.3983,7.0675],[99.3983,7.0661]]],[[[99.4519,7.0742],[99.4508,7.0749],[99.4519,7.0751],[99.4519,7.0742]]],[[[99.3945,7.0739],[99.3925,7.0752],[99.3943,7.077],[99.3945,7.0739]]],[[[99.4487,7.0322],[99.4482,7.0326],[99.4485,7.0332],[99.4487,7.0322]]],[[[99.4755,7.0215],[99.4706,7.0509],[99.4757,7.0376],[99.4755,7.0215]]],[[[99.429,7.1036],[99.4272,7.1136],[99.4303,7.1099],[99.429,7.1036]]],[[[99.651,7.1481],[99.651,7.1557],[99.6524,7.1517],[99.651,7.1481]]],[[[99.3898,7.275],[99.451,7.255],[99.4083,7.2428],[99.3834,7.2062],[99.3653,7.2245],[99.3673,7.2598],[99.3898,7.275]]],[[[99.4754,7.2711],[99.4742,7.2719],[99.4753,7.2723],[99.4754,7.2711]]],[[[99.4262,7.1155],[99.4229,7.1245],[99.4263,7.1203],[99.4262,7.1155]]],[[[99.6981,7.1234],[99.6966,7.1263],[99.702,7.1313],[99.6981,7.1234]]],[[[99.5841,7.1341],[99.5831,7.1322],[99.5786,7.1322],[99.5841,7.1341]]],[[[99.6386,7.1424],[99.6382,7.1435],[99.6393,7.1449],[99.6386,7.1424]]],[[[99.5534,7.1287],[99.5965,7.104],[99.6149,7.081],[99.5649,7.0935],[99.5534,7.1287]]],[[[99.6308,7.143],[99.6302,7.1444],[99.6321,7.1454],[99.6308,7.143]]],[[[99.6409,7.1674],[99.6022,7.1369],[99.5211,7.2519],[99.4155,7.3143],[99.4052,7.3181],[99.3945,7.3075],[99.3366,7.3801],[99.346,7.441],[99.3276,7.4941],[99.313,7.5128],[99.2961,7.4976],[99.2836,7.5161],[99.3043,7.5188],[99.3117,7.5391],[99.2781,7.6012],[99.2768,7.6338],[99.2613,7.6167],[99.2326,7.6308],[99.2567,7.6265],[99.2619,7.6625],[99.3077,7.7013],[99.3063,7.7552],[99.2875,7.7708],[99.3033,7.8092],[99.2874,7.8107],[99.2784,7.8486],[99.3308,7.8803],[99.3337,7.9286],[99.3702,7.9459],[99.3975,7.9216],[99.4233,7.9262],[99.4202,7.8664],[99.4712,7.9048],[99.48,7.8815],[99.5316,7.8807],[99.6041,7.9879],[99.6565,8.0129],[99.7056,7.9925],[99.7416,8.0067],[99.7463,7.9837],[99.7566,7.9875],[99.7352,7.9435],[99.7324,7.8489],[99.7837,7.7599],[99.7881,7.7011],[99.818,7.6793],[99.8105,7.6485],[99.7851,7.6441],[99.81,7.6216],[99.7971,7.591],[99.8362,7.5468],[99.8225,7.5092],[99.853,7.4812],[99.8487,7.4649],[99.9018,7.3882],[99.9068,7.3263],[99.9377,7.3182],[99.9462,7.2655],[99.9327,7.2431],[99.9593,7.198],[99.8876,7.1838],[99.799,7.1286],[99.7867,7.1401],[99.7602,7.1247],[99.7144,7.134],[99.6975,7.1313],[99.6668,7.114],[99.6599,7.1607],[99.6409,7.1674]]],[[[99.2917,7.3905],[99.3144,7.3745],[99.3011,7.3532],[99.2822,7.3672],[99.2917,7.3905]]],[[[99.2483,7.3819],[99.2481,7.377],[99.246,7.3798],[99.2483,7.3819]]],[[[99.4509,7.29],[99.4495,7.2915],[99.4514,7.2918],[99.4509,7.29]]],[[[99.4087,7.3119],[99.4061,7.3143],[99.4098,7.3143],[99.4087,7.3119]]],[[[99.2543,7.2981],[99.2475,7.3337],[99.2593,7.3091],[99.2543,7.2981]]],[[[99.3949,7.3031],[99.3953,7.3021],[99.3934,7.303],[99.3949,7.3031]]],[[[99.2804,7.5445],[99.2772,7.5472],[99.2779,7.5501],[99.2804,7.5445]]],[[[99.283,7.5476],[99.282,7.5494],[99.2836,7.55],[99.283,7.5476]]],[[[99.2892,7.5611],[99.2881,7.5566],[99.2866,7.5604],[99.2892,7.5611]]],[[[99.3197,7.4698],[99.3184,7.4709],[99.321,7.4709],[99.3197,7.4698]]],[[[99.3044,7.4958],[99.3019,7.4904],[99.297,7.4943],[99.3044,7.4958]]]]}},{"type":"Feature","properties":{"th":"พัทลุง","en":"Phatthalung"},"geometry":{"type":"Polygon","coordinates":[[[100.1742,7.1753],[100.1557,7.1496],[100.121,7.1675],[100.0746,7.1486],[100.0664,7.1122],[100.0384,7.1088],[100.0281,7.0903],[99.9719,7.1495],[99.9327,7.2431],[99.9462,7.2655],[99.9377,7.3182],[99.9068,7.3263],[99.9018,7.3882],[99.8487,7.4649],[99.853,7.4812],[99.8225,7.5092],[99.8362,7.5468],[99.7992,7.5846],[99.81,7.6216],[99.7851,7.6441],[99.8105,7.6485],[99.818,7.6793],[99.7881,7.7011],[99.7837,7.7599],[99.7671,7.7687],[99.7707,7.789],[99.7324,7.8489],[99.7376,7.8613],[99.783,7.8572],[99.8061,7.8909],[99.8826,7.8925],[99.922,7.8715],[99.9526,7.8974],[99.9949,7.8562],[100.0472,7.837],[100.1073,7.8788],[100.1776,7.8764],[100.1954,7.8028],[100.2176,7.7842],[100.2372,7.5388],[100.2572,7.5008],[100.2994,7.4987],[100.3553,7.5278],[100.3852,7.5062],[100.3827,7.425],[100.4277,7.3086],[100.4253,7.2811],[100.3983,7.2649],[100.3782,7.3134],[100.3578,7.3005],[100.3609,7.2813],[100.304,7.2086],[100.1742,7.1753]]]}},{"type":"Feature","properties":{"th":"สงขลา","en":"Songkhla"},"geometry":{"type":"Polygon","coordinates":[[[100.975,6.4797],[100.9221,6.4259],[100.9287,6.322],[100.8486,6.2893],[100.8106,6.4445],[100.7521,6.4589],[100.7364,6.5102],[100.7091,6.4711],[100.6533,6.4429],[100.5624,6.4964],[100.5188,6.4893],[100.4889,6.5259],[100.4205,6.5186],[100.367,6.5402],[100.3514,6.5729],[100.3041,6.6052],[100.3253,6.6232],[100.327,6.6645],[100.2948,6.6799],[100.2908,6.7101],[100.2285,6.6943],[100.2066,6.7209],[100.2141,6.7661],[100.1917,6.8089],[100.2204,6.8712],[100.1913,6.9115],[100.1218,6.9236],[100.0948,6.965],[100.0794,6.963],[100.0827,6.9992],[100.0634,7.0208],[100.0793,7.0423],[100.0547,7.0975],[100.0627,7.1391],[100.1112,7.167],[100.1557,7.1496],[100.1742,7.1753],[100.304,7.2086],[100.3609,7.2813],[100.3578,7.3005],[100.3782,7.3134],[100.3983,7.2649],[100.4253,7.2811],[100.4277,7.3086],[100.3827,7.425],[100.3852,7.5062],[100.3553,7.5278],[100.2994,7.4987],[100.2572,7.5008],[100.2372,7.5388],[100.2176,7.7842],[100.1954,7.8028],[100.1776,7.8764],[100.2348,7.8835],[100.2665,7.9142],[100.3075,7.9144],[100.3116,7.9362],[100.3369,7.9319],[100.4524,7.4536],[100.5413,7.2613],[100.5969,7.2164],[100.7753,6.9767],[100.8247,6.9521],[100.8491,6.9622],[100.9837,6.8641],[101.0637,6.8575],[101.0436,6.8481],[101.019,6.725],[101.073,6.6859],[101.0489,6.6633],[101.1081,6.6291],[101.0839,6.6037],[101.0808,6.5561],[101.0432,6.5415],[101.0459,6.4886],[100.975,6.4797]]]}},{"type":"Feature","properties":{"th":"แม่ฮ่องสอน","en":"Mae Hong Son"},"geometry":{"type":"Polygon","coordinates":[[[98.0475,17.9442],[98.0599,17.9331],[98.045,17.8986],[98.073,17.83],[98.1481,17.7765],[98.1356,17.7598],[98.1528,17.7294],[98.1447,17.6823],[98.0898,17.6366],[98.0407,17.6753],[98.0101,17.7693],[97.9752,17.823],[97.9694,17.8682],[97.9112,17.8542],[97.9054,17.8134],[97.8473,17.7785],[97.7623,17.7763],[97.6996,17.8192],[97.672,17.881],[97.6879,17.9258],[97.7356,17.9581],[97.7365,17.9862],[97.7011,18.0635],[97.6812,18.0645],[97.676,18.1604],[97.6095,18.2367],[97.6395,18.2808],[97.6217,18.3159],[97.558,18.3387],[97.532,18.281],[97.5009,18.2684],[97.446,18.3342],[97.4519,18.3905],[97.4252,18.4101],[97.3843,18.5098],[97.3469,18.5448],[97.3438,18.5755],[97.3618,18.5995],[97.3625,18.5596],[97.4043,18.5659],[97.4446,18.4955],[97.4827,18.5103],[97.5348,18.4916],[97.5463,18.5299],[97.5638,18.5214],[97.6193,18.5392],[97.6149,18.561],[97.6359,18.5591],[97.651,18.5769],[97.7684,18.5782],[97.7737,18.6892],[97.7522,18.7374],[97.7636,18.7571],[97.7391,18.8279],[97.7413,18.8821],[97.704,18.8979],[97.6685,18.9481],[97.7389,18.9807],[97.736,19.0409],[97.7622,19.0393],[97.7698,19.0731],[97.8369,19.0949],[97.8422,19.2245],[97.7827,19.2669],[97.8019,19.2884],[97.8428,19.2894],[97.7984,19.3533],[97.8044,19.385],[97.7858,19.3985],[97.888,19.5011],[97.8551,19.532],[97.8625,19.5758],[97.9601,19.5936],[97.9753,19.6029],[97.9738,19.6347],[98.0381,19.643],[98.0252,19.7224],[98.0345,19.8049],[98.0486,19.8152],[98.0583,19.8033],[98.0847,19.8096],[98.101,19.7717],[98.1385,19.7862],[98.1835,19.7599],[98.2028,19.7323],[98.2286,19.7273],[98.2471,19.6769],[98.3243,19.6985],[98.4603,19.6978],[98.4724,19.6579],[98.5395,19.6234],[98.5423,19.5719],[98.5659,19.5601],[98.5648,19.528],[98.5874,19.5149],[98.5989,19.47],[98.5845,19.4442],[98.5961,19.407],[98.5734,19.388],[98.6015,19.3146],[98.5873,19.2553],[98.5983,19.2291],[98.5689,19.2067],[98.6334,19.1558],[98.6517,19.0943],[98.6326,19.0623],[98.5414,19.0255],[98.4382,19.048],[98.4214,19.0281],[98.3511,19.0965],[98.3427,19.1531],[98.2525,19.1607],[98.2405,19.1399],[98.2486,19.1067],[98.1693,18.9992],[98.1725,18.951],[98.1564,18.9196],[98.1293,18.9118],[98.0925,18.8692],[98.0854,18.796],[98.0933,18.7771],[98.1216,18.7745],[98.094,18.7376],[98.1075,18.7138],[98.1057,18.6487],[98.1829,18.6248],[98.183,18.6095],[98.2107,18.6075],[98.2371,18.572],[98.2086,18.537],[98.1744,18.5469],[98.1751,18.5231],[98.1205,18.5007],[98.1054,18.4584],[98.074,18.4294],[98.1259,18.4058],[98.1447,18.363],[98.198,18.332],[98.202,18.2911],[98.1394,18.2806],[98.1394,18.2398],[98.1721,18.2185],[98.1767,18.1915],[98.1567,18.1659],[98.1814,18.1534],[98.1926,18.0971],[98.213,18.0874],[98.2309,18.0982],[98.2521,18.0648],[98.2209,18.0243],[98.2462,17.9887],[98.1618,17.9708],[98.1437,17.9357],[98.0888,17.9635],[98.0475,17.9442]]]}},{"type":"Feature","properties":{"th":"สตูล","en":"Satun"},"geometry":{"type":"MultiPolygon","coordinates":[[[[99.3509,6.5502],[99.3496,6.5517],[99.3505,6.5515],[99.3509,6.5502]]],[[[99.3466,6.5573],[99.3425,6.5717],[99.3495,6.5632],[99.3466,6.5573]]],[[[100.1565,6.5799],[100.1586,6.4799],[100.1216,6.4227],[100.1014,6.4967],[100.0842,6.4968],[100.1003,6.5509],[100.0764,6.5585],[100.0625,6.5168],[100.0095,6.5568],[99.9546,6.5385],[99.8558,6.569],[99.8437,6.5942],[99.9164,6.6443],[99.9216,6.6872],[99.9129,6.7118],[99.9085,6.7192],[99.8736,6.7195],[99.8567,6.7431],[99.8412,6.7449],[99.8401,6.7789],[99.8091,6.7716],[99.7829,6.8341],[99.7014,6.86],[99.7116,6.8727],[99.6955,6.8715],[99.6777,6.8998],[99.6814,6.9459],[99.7045,6.9586],[99.6829,6.96],[99.6703,7.0024],[99.6842,7.0147],[99.669,7.0439],[99.6954,7.0789],[99.7006,7.0667],[99.7104,7.1031],[99.7337,7.1101],[99.7351,7.1308],[99.7835,7.128],[99.7867,7.1401],[99.799,7.1286],[99.8876,7.1838],[99.9593,7.198],[99.9621,7.1673],[99.997,7.116],[100.0281,7.0903],[100.0384,7.1088],[100.0569,7.1077],[100.0793,7.0423],[100.0634,7.0208],[100.0827,6.9992],[100.0794,6.963],[100.0948,6.965],[100.1218,6.9236],[100.1913,6.9115],[100.2204,6.8712],[100.1917,6.8089],[100.2137,6.7583],[100.1715,6.694],[100.1806,6.6551],[100.1657,6.6314],[100.183,6.5741],[100.1565,6.5799]]],[[[99.6903,6.6188],[99.6889,6.616],[99.6887,6.6222],[99.6903,6.6188]]],[[[99.7015,6.6069],[99.6989,6.6108],[99.6997,6.6124],[99.7015,6.6069]]],[[[99.6932,6.6383],[99.6914,6.6415],[99.694,6.6442],[99.6932,6.6383]]],[[[99.8338,6.6545],[99.833,6.6512],[99.831,6.653],[99.8338,6.6545]]],[[[99.6921,6.651],[99.6911,6.6521],[99.6914,6.6547],[99.6921,6.651]]],[[[99.7187,6.5814],[99.7182,6.5831],[99.7188,6.5829],[99.7187,6.5814]]],[[[99.7063,6.546],[99.7059,6.5462],[99.7062,6.5463],[99.7063,6.546]]],[[[99.707,6.5489],[99.7045,6.5466],[99.7043,6.5485],[99.707,6.5489]]],[[[99.4442,6.5558],[99.45,6.5749],[99.4569,6.5763],[99.4442,6.5558]]],[[[99.4574,6.5784],[99.4514,6.5868],[99.4564,6.5867],[99.4574,6.5784]]],[[[99.3664,6.4836],[99.3655,6.4851],[99.3662,6.4862],[99.3664,6.4836]]],[[[99.3078,6.4949],[99.3091,6.4794],[99.2831,6.4823],[99.3078,6.4949]]],[[[99.3186,6.4984],[99.3172,6.4991],[99.3191,6.5006],[99.3186,6.4984]]],[[[99.3353,6.4885],[99.3344,6.4867],[99.3316,6.4883],[99.3353,6.4885]]],[[[99.1811,6.5016],[99.1797,6.5017],[99.1827,6.5043],[99.1811,6.5016]]],[[[99.1764,6.5033],[99.1759,6.5059],[99.1793,6.5076],[99.1764,6.5033]]],[[[99.173,6.5067],[99.1712,6.5065],[99.1728,6.509],[99.173,6.5067]]],[[[99.1742,6.5146],[99.1737,6.5163],[99.1747,6.5157],[99.1742,6.5146]]],[[[99.7048,6.5237],[99.7047,6.52],[99.6976,6.52],[99.7048,6.5237]]],[[[99.6928,6.527],[99.6933,6.5178],[99.6892,6.5242],[99.6928,6.527]]],[[[99.1642,6.5412],[99.1631,6.5425],[99.1645,6.5423],[99.1642,6.5412]]],[[[99.2616,6.5445],[99.261,6.5408],[99.2545,6.5429],[99.2616,6.5445]]],[[[99.2697,6.5236],[99.2687,6.5247],[99.2704,6.5248],[99.2697,6.5236]]],[[[99.1619,6.5384],[99.1839,6.5214],[99.1574,6.5232],[99.1619,6.5384]]],[[[99.1728,6.5125],[99.1717,6.5131],[99.1732,6.5145],[99.1728,6.5125]]],[[[99.2625,6.5151],[99.2585,6.5124],[99.2606,6.5148],[99.2625,6.5151]]],[[[99.2479,6.5822],[99.2573,6.5569],[99.2213,6.5397],[99.1721,6.542],[99.1636,6.5488],[99.1829,6.5484],[99.1936,6.5781],[99.2479,6.5822]]],[[[99.2774,6.5787],[99.3258,6.5527],[99.3135,6.5092],[99.2832,6.5093],[99.2774,6.5787]]],[[[99.6487,6.737],[99.684,6.6852],[99.6778,6.6167],[99.6923,6.6055],[99.6984,6.5511],[99.6931,6.5297],[99.6762,6.5395],[99.6733,6.5123],[99.6541,6.5033],[99.6391,6.547],[99.5955,6.5981],[99.6125,6.6186],[99.614,6.6606],[99.6393,6.6763],[99.6487,6.737]]],[[[99.8772,6.6545],[99.8753,6.6555],[99.8767,6.6559],[99.8772,6.6545]]],[[[99.6892,6.6693],[99.6911,6.6622],[99.6898,6.6625],[99.6892,6.6693]]],[[[99.844,6.6715],[99.8433,6.6724],[99.8439,6.6723],[99.844,6.6715]]],[[[99.8642,6.6686],[99.8437,6.6516],[99.8475,6.6676],[99.8642,6.6686]]],[[[99.8323,6.6738],[99.8329,6.676],[99.8331,6.6748],[99.8323,6.6738]]],[[[99.6619,6.7264],[99.6573,6.7336],[99.6627,6.7273],[99.6619,6.7264]]],[[[99.7056,6.7353],[99.708,6.7337],[99.7056,6.7304],[99.7056,6.7353]]],[[[99.6963,6.8531],[99.6977,6.829],[99.6908,6.815],[99.6831,6.8409],[99.6963,6.8531]]],[[[99.906,6.6851],[99.9045,6.6865],[99.9066,6.6888],[99.906,6.6851]]],[[[99.7988,6.7047],[99.7983,6.7059],[99.7989,6.7056],[99.7988,6.7047]]],[[[99.6717,6.7116],[99.6712,6.7064],[99.6696,6.7111],[99.6717,6.7116]]],[[[99.7942,6.7097],[99.7936,6.7103],[99.7947,6.7107],[99.7942,6.7097]]],[[[99.8716,6.7029],[99.8704,6.7031],[99.8706,6.7056],[99.8716,6.7029]]],[[[99.8811,6.7022],[99.8731,6.705],[99.8869,6.7091],[99.8811,6.7022]]],[[[99.8993,6.7099],[99.8901,6.7095],[99.9061,6.7152],[99.8993,6.7099]]],[[[99.8601,6.6962],[99.8579,6.6913],[99.8566,6.6959],[99.8601,6.6962]]],[[[99.8653,6.6788],[99.8578,6.6786],[99.8637,6.6913],[99.8653,6.6788]]],[[[99.8426,6.7014],[99.8427,6.6975],[99.8375,6.6953],[99.8426,6.7014]]],[[[99.9122,6.7127],[99.9147,6.6963],[99.9082,6.6898],[99.9039,6.7061],[99.9122,6.7127]]],[[[99.8755,6.7166],[99.8875,6.713],[99.8739,6.7115],[99.8755,6.7166]]],[[[99.8897,6.7148],[99.8827,6.7168],[99.8927,6.7163],[99.8897,6.7148]]],[[[99.8221,6.7204],[99.8095,6.7118],[99.8051,6.7152],[99.8221,6.7204]]],[[[99.8465,6.7323],[99.8665,6.7083],[99.8469,6.704],[99.8465,6.7323]]]]}}]}